device,model,reason,best_params,val_metrics,test_metrics,MAE_15m,RMSE_15m,sMAPE_15m,R2_15m,MAE_30m,RMSE_30m,sMAPE_30m,R2_30m,MAE_avg,RMSE_avg,sMAPE_avg,R2_avg
02ea9945-d36f-4369-8999-cfa630c51e3b,SKIPPED_INACTIVE_OP,OP_STATUS_true_ratio=0.000 < 0.05,,,,,,,,,,,,,,,
0eab2f31-db53-42b5-9ff1-bc0decf1e90a,XGBoost,,"{""n_estimators"": 200, ""max_depth"": 4, ""learning_rate"": 0.019986211914797738, ""subsample"": 0.7592992318637883, ""colsample_bytree"": 0.6585875079747527, ""min_child_weight"": 9, ""reg_lambda"": 5.589668725103211, ""gamma"": 1.497480784623367, ""random_state"": 42, ""tree_method"": ""hist"", ""n_jobs"": -1, ""objective"": ""reg:squarederror""}","{""MAE_15m"": 6384.4384765625, ""RMSE_15m"": 8095.8853746826235, ""sMAPE_15m"": 65.74499907921894, ""R2_15m"": 0.9387190908531337, ""MAE_30m"": 8980.232421875, ""RMSE_30m"": 12459.385538621076, ""sMAPE_30m"": 69.0769585864294, ""R2_30m"": 0.8537459614578512, ""MAE_avg"": 7682.33544921875, ""RMSE_avg"": 10277.63545665185, ""sMAPE_avg"": 67.41097883282417, ""R2_avg"": 0.8962325261554924}","{""MAE_15m"": 8675.8251953125, ""RMSE_15m"": 12256.444508910405, ""sMAPE_15m"": 63.12607265435243, ""R2_15m"": 0.8547823711485047, ""MAE_30m"": 16895.99609375, ""RMSE_30m"": 23452.17977075905, ""sMAPE_30m"": 77.87404170341928, ""R2_30m"": 0.4912345068666901, ""MAE_avg"": 12785.91064453125, ""RMSE_avg"": 17854.31213983473, ""sMAPE_avg"": 70.50005717888585, ""R2_avg"": 0.6730084390075974}",8675.8251953125,12256.444508910405,63.12607265435243,0.8547823711485047,16895.99609375,23452.17977075905,77.87404170341928,0.4912345068666901,12785.91064453125,17854.31213983473,70.50005717888585,0.6730084390075974
0eab2f31-db53-42b5-9ff1-bc0decf1e90a,LSTM,,"{""units"": 96, ""num_layers"": 2, ""dropout"": 0.0, ""lr"": 0.002299958642814372}","{""MAE_15m"": 68094.328125, ""RMSE_15m"": 69027.44914887121, ""sMAPE_15m"": 199.91757599643145, ""R2_15m"": -36.23931781968305, ""MAE_30m"": 71865.8203125, ""RMSE_30m"": 71881.48824280142, ""sMAPE_30m"": 199.9226951096865, ""R2_30m"": -2292.697011625394, ""MAE_avg"": 69980.07421875, ""RMSE_avg"": 70454.46869583632, ""sMAPE_avg"": 199.92013555305897, ""R2_avg"": -1164.4681647225386}","{""MAE_15m"": 52166.30078125, ""RMSE_15m"": 60043.357134657286, ""sMAPE_15m"": 199.83939084894828, ""R2_15m"": -3.076696163596739, ""MAE_30m"": 57619.57421875, ""RMSE_30m"": 62935.00088186223, ""sMAPE_30m"": 199.8254377445319, ""R2_30m"": -5.178487155832085, ""MAE_avg"": 54892.9375, ""RMSE_avg"": 61489.17900825976, ""sMAPE_avg"": 199.8324142967401, ""R2_avg"": -4.127591659714412}",52166.30078125,60043.357134657286,199.83939084894828,-3.076696163596739,57619.57421875,62935.00088186223,199.8254377445319,-5.178487155832085,54892.9375,61489.17900825976,199.8324142967401,-4.127591659714412
0eab2f31-db53-42b5-9ff1-bc0decf1e90a,GRU_LSTM,,"{""gru_units"": 96, ""lstm_units"": 96, ""dropout"": 0.2, ""lr"": 0.002869139536545374}","{""MAE_15m"": 68091.6328125, ""RMSE_15m"": 69024.78998157111, ""sMAPE_15m"": 199.90090065475613, ""R2_15m"": -36.23644830052086, ""MAE_30m"": 71864.46875, ""RMSE_30m"": 71880.13489135924, ""sMAPE_30m"": 199.91515150259005, ""R2_30m"": -2292.6107257561607, ""MAE_avg"": 69978.05078125, ""RMSE_avg"": 70452.46243646517, ""sMAPE_avg"": 199.9080260786731, ""R2_avg"": -1164.4235870283408}","{""MAE_15m"": 52164.5, ""RMSE_15m"": 60041.0142485951, ""sMAPE_15m"": 199.80701934558937, ""R2_15m"": -3.076378172928689, ""MAE_30m"": 57618.453125, ""RMSE_30m"": 62933.76022454085, ""sMAPE_30m"": 199.80838155752102, ""R2_30m"": -5.178243969205977, ""MAE_avg"": 54891.4765625, ""RMSE_avg"": 61487.38723656797, ""sMAPE_avg"": 199.8077004515552, ""R2_avg"": -4.127311071067333}",52164.5,60041.0142485951,199.80701934558937,-3.076378172928689,57618.453125,62933.76022454085,199.80838155752102,-5.178243969205977,54891.4765625,61487.38723656797,199.8077004515552,-4.127311071067333
0eab2f31-db53-42b5-9ff1-bc0decf1e90a,CNN1D,,"{""filters"": 96, ""kernel_size"": 7, ""dropout"": 0.2, ""lr"": 0.002869139536545374}","{""MAE_15m"": 66887.0078125, ""RMSE_15m"": 67954.84618480127, ""sMAPE_15m"": 191.5686134827962, ""R2_15m"": -35.09100482295482, ""MAE_30m"": 70786.2890625, ""RMSE_30m"": 70807.6813912163, ""sMAPE_30m"": 194.02824793926186, ""R2_30m"": -2224.6797163854008, ""MAE_avg"": 68836.6484375, ""RMSE_avg"": 69381.26378800879, ""sMAPE_avg"": 192.79843071102903, ""R2_avg"": -1129.8853606041778}","{""MAE_15m"": 51533.47265625, ""RMSE_15m"": 59082.02948443799, ""sMAPE_15m"": 185.83917302550427, ""R2_15m"": -2.9472008088457007, ""MAE_30m"": 56677.578125, ""RMSE_30m"": 61984.60505641704, ""sMAPE_30m"": 183.1477451956738, ""R2_30m"": -4.993290850769533, ""MAE_avg"": 54105.525390625, ""RMSE_avg"": 60533.31727042751, ""sMAPE_avg"": 184.49345911058901, ""R2_avg"": -3.9702458298076166}",51533.47265625,59082.02948443799,185.83917302550427,-2.9472008088457007,56677.578125,61984.60505641704,183.1477451956738,-4.993290850769533,54105.525390625,60533.31727042751,184.49345911058901,-3.9702458298076166
0eab2f31-db53-42b5-9ff1-bc0decf1e90a,RCNN,,"{""filters"": 64, ""kernel_size"": 7, ""rnn_units"": 64, ""rnn_type"": ""lstm"", ""dropout"": 0.3, ""lr"": 0.002470540427082325}","{""MAE_15m"": 68099.0390625, ""RMSE_15m"": 69032.08853859197, ""sMAPE_15m"": 199.94671827585776, ""R2_15m"": -36.244324665668486, ""MAE_30m"": 71869.2421875, ""RMSE_30m"": 71884.90356117896, ""sMAPE_30m"": 199.94168322000877, ""R2_30m"": -2292.914875180279, ""MAE_avg"": 69984.140625, ""RMSE_avg"": 70458.49604988546, ""sMAPE_avg"": 199.94420074793328, ""R2_avg"": -1164.5795999229738}","{""MAE_15m"": 52169.43359375, ""RMSE_15m"": 60047.44364250655, ""sMAPE_15m"": 199.89611351255058, ""R2_15m"": -3.07725111891806, ""MAE_30m"": 57622.421875, ""RMSE_30m"": 62938.12682309507, ""sMAPE_30m"": 199.86825828132362, ""R2_30m"": -5.179100889231976, ""MAE_avg"": 54895.927734375, ""RMSE_avg"": 61492.785232800816, ""sMAPE_avg"": 199.8821858969371, ""R2_avg"": -4.1281760040750175}",52169.43359375,60047.44364250655,199.89611351255058,-3.07725111891806,57622.421875,62938.12682309507,199.86825828132362,-5.179100889231976,54895.927734375,61492.785232800816,199.8821858969371,-4.1281760040750175
10020b75-e523-45b8-8905-4763865d6e19,XGBoost,,"{""n_estimators"": 200, ""max_depth"": 6, ""learning_rate"": 0.020666087547155532, ""subsample"": 0.7857039502514991, ""colsample_bytree"": 0.6341331770187351, ""min_child_weight"": 10, ""reg_lambda"": 8.102824917724615, ""gamma"": 0.004697669093247203, ""random_state"": 42, ""tree_method"": ""hist"", ""n_jobs"": -1, ""objective"": ""reg:squarederror""}","{""MAE_15m"": 835.3601684570312, ""RMSE_15m"": 1163.5191768939608, ""sMAPE_15m"": 10.338412866680029, ""R2_15m"": 0.39573096152195586, ""MAE_30m"": 805.9429931640625, ""RMSE_30m"": 1250.2050831763563, ""sMAPE_30m"": 10.330607690129327, ""R2_30m"": 0.37521560692494715, ""MAE_avg"": 820.6515808105469, ""RMSE_avg"": 1206.8621300351585, ""sMAPE_avg"": 10.334510278404679, ""R2_avg"": 0.3854732842234515}","{""MAE_15m"": 1087.1488037109375, ""RMSE_15m"": 1369.785521532477, ""sMAPE_15m"": 15.328326766986528, ""R2_15m"": -0.28687578246581236, ""MAE_30m"": 1166.7257080078125, ""RMSE_30m"": 1589.9435524571304, ""sMAPE_30m"": 15.690772694973026, ""R2_30m"": -0.09101828327068007, ""MAE_avg"": 1126.937255859375, ""RMSE_avg"": 1479.8645369948038, ""sMAPE_avg"": 15.509549730979778, ""R2_avg"": -0.1889470328682462}",1087.1488037109375,1369.785521532477,15.328326766986528,-0.28687578246581236,1166.7257080078125,1589.9435524571304,15.690772694973026,-0.09101828327068007,1126.937255859375,1479.8645369948038,15.509549730979778,-0.1889470328682462
10020b75-e523-45b8-8905-4763865d6e19,LSTM,,"{""units"": 96, ""num_layers"": 2, ""dropout"": 0.0, ""lr"": 0.002299958642814372}","{""MAE_15m"": 6888.52392578125, ""RMSE_15m"": 7144.32586042938, ""sMAPE_15m"": 199.14491929539116, ""R2_15m"": -13.219135069991674, ""MAE_30m"": 7116.1513671875, ""RMSE_30m"": 7323.052369060322, ""sMAPE_30m"": 199.20530320028908, ""R2_30m"": -16.950592609926233, ""MAE_avg"": 7002.337646484375, ""RMSE_avg"": 7233.689114744851, ""sMAPE_avg"": 199.1751112478401, ""R2_avg"": -15.084863839958953}","{""MAE_15m"": 7356.197265625, ""RMSE_15m"": 7487.239277597585, ""sMAPE_15m"": 199.22571947047157, ""R2_15m"": -27.820324514083573, ""MAE_30m"": 7451.88623046875, ""RMSE_30m"": 7724.798767605535, ""sMAPE_30m"": 199.23246342691368, ""R2_30m"": -13.406991325271669, ""MAE_avg"": 7404.041748046875, ""RMSE_avg"": 7606.01902260156, ""sMAPE_avg"": 199.22909144869263, ""R2_avg"": -20.61365791967762}",7356.197265625,7487.239277597585,199.22571947047157,-27.820324514083573,7451.88623046875,7724.798767605535,199.23246342691368,-13.406991325271669,7404.041748046875,7606.01902260156,199.22909144869263,-20.61365791967762
10020b75-e523-45b8-8905-4763865d6e19,GRU_LSTM,,"{""gru_units"": 96, ""lstm_units"": 96, ""dropout"": 0.2, ""lr"": 0.002869139536545374}","{""MAE_15m"": 6887.08544921875, ""RMSE_15m"": 7142.938330967166, ""sMAPE_15m"": 199.05596364514003, ""R2_15m"": -13.213612845371973, ""MAE_30m"": 7112.6044921875, ""RMSE_30m"": 7319.605727086671, ""sMAPE_30m"": 198.9963822939024, ""R2_30m"": -16.9336990957085, ""MAE_avg"": 6999.844970703125, ""RMSE_avg"": 7231.272029026919, ""sMAPE_avg"": 199.0261729695212, ""R2_avg"": -15.073655970540237}","{""MAE_15m"": 7354.7578125, ""RMSE_15m"": 7485.824737462132, ""sMAPE_15m"": 199.14510488462406, ""R2_15m"": -27.809439020477594, ""MAE_30m"": 7448.33837890625, ""RMSE_30m"": 7721.376820230962, ""sMAPE_30m"": 199.0306559331019, ""R2_30m"": -13.39423019505541, ""MAE_avg"": 7401.548095703125, ""RMSE_avg"": 7603.600778846547, ""sMAPE_avg"": 199.087880408863, ""R2_avg"": -20.601834607766502}",7354.7578125,7485.824737462132,199.14510488462406,-27.809439020477594,7448.33837890625,7721.376820230962,199.0306559331019,-13.39423019505541,7401.548095703125,7603.600778846547,199.087880408863,-20.601834607766502
10020b75-e523-45b8-8905-4763865d6e19,CNN1D,,"{""filters"": 96, ""kernel_size"": 7, ""dropout"": 0.2, ""lr"": 0.002869139536545374}","{""MAE_15m"": 4236.056640625, ""RMSE_15m"": 4604.094264890761, ""sMAPE_15m"": 86.3898522078468, ""R2_15m"": -4.9052611056884645, ""MAE_30m"": 4679.8056640625, ""RMSE_30m"": 4895.03278844994, ""sMAPE_30m"": 96.60938190145735, ""R2_30m"": -7.0205797948594135, ""MAE_avg"": 4457.93115234375, ""RMSE_avg"": 4749.56352667035, ""sMAPE_avg"": 91.49961705465208, ""R2_avg"": -5.9629204502739395}","{""MAE_15m"": 4218.56689453125, ""RMSE_15m"": 4381.097351121063, ""sMAPE_15m"": 79.17705679481627, ""R2_15m"": -8.867820855194301, ""MAE_30m"": 4570.9560546875, ""RMSE_30m"": 4987.163722999276, ""sMAPE_30m"": 85.296210228001, ""R2_30m"": -5.004906055390483, ""MAE_avg"": 4394.761474609375, ""RMSE_avg"": 4684.130537060169, ""sMAPE_avg"": 82.23663351140863, ""R2_avg"": -6.936363455292392}",4218.56689453125,4381.097351121063,79.17705679481627,-8.867820855194301,4570.9560546875,4987.163722999276,85.296210228001,-5.004906055390483,4394.761474609375,4684.130537060169,82.23663351140863,-6.936363455292392
10020b75-e523-45b8-8905-4763865d6e19,RCNN,,"{""filters"": 64, ""kernel_size"": 7, ""rnn_units"": 64, ""rnn_type"": ""lstm"", ""dropout"": 0.3, ""lr"": 0.002470540427082325}","{""MAE_15m"": 6900.515625, ""RMSE_15m"": 7155.886807377546, ""sMAPE_15m"": 199.88806920853895, ""R2_15m"": -13.265191309712392, ""MAE_30m"": 7127.32177734375, ""RMSE_30m"": 7333.902644567897, ""sMAPE_30m"": 199.86488563138946, ""R2_30m"": -17.003826046306973, ""MAE_avg"": 7013.918701171875, ""RMSE_avg"": 7244.894725972721, ""sMAPE_avg"": 199.8764774199642, ""R2_avg"": -15.134508678009682}","{""MAE_15m"": 7368.17431640625, ""RMSE_15m"": 7499.0060674732085, ""sMAPE_15m"": 199.897924633971, ""R2_15m"": -27.910986492402195, ""MAE_30m"": 7463.02734375, ""RMSE_30m"": 7735.544971105785, ""sMAPE_30m"": 199.86805771892347, ""R2_30m"": -13.447102614944523, ""MAE_avg"": 7415.600830078125, ""RMSE_avg"": 7617.2755192894965, ""sMAPE_avg"": 199.88299117644723, ""R2_avg"": -20.679044553673357}",7368.17431640625,7499.0060674732085,199.897924633971,-27.910986492402195,7463.02734375,7735.544971105785,199.86805771892347,-13.447102614944523,7415.600830078125,7617.2755192894965,199.88299117644723,-20.679044553673357
110be74d-165d-407c-8b7c-ac8ea1a5ecd4,XGBoost,,"{""n_estimators"": 1000, ""max_depth"": 5, ""learning_rate"": 0.012304045136576857, ""subsample"": 0.9476077563455207, ""colsample_bytree"": 0.6882056300959021, ""min_child_weight"": 7, ""reg_lambda"": 7.684237639021745, ""gamma"": 2.0719669107096044, ""random_state"": 42, ""tree_method"": ""hist"", ""n_jobs"": -1, ""objective"": ""reg:squarederror""}","{""MAE_15m"": 367.1194152832031, ""RMSE_15m"": 416.71876757592764, ""sMAPE_15m"": 0.3841328605692471, ""R2_15m"": 0.9830009036116146, ""MAE_30m"": 193.96986389160156, ""RMSE_30m"": 230.89993774360357, ""sMAPE_30m"": 0.20724095490129443, ""R2_30m"": 0.9925750245675532, ""MAE_avg"": 280.54463958740234, ""RMSE_avg"": 323.80935265976564, ""sMAPE_avg"": 0.2956869077352708, ""R2_avg"": 0.9877879640895839}","{""MAE_15m"": 5938.2587890625, ""RMSE_15m"": 7361.5753748773095, ""sMAPE_15m"": 6.746921192790569, ""R2_15m"": -1.5498910657031923, ""MAE_30m"": 8001.5634765625, ""RMSE_30m"": 9517.135703561235, ""sMAPE_30m"": 8.967468951814134, ""R2_30m"": -3.7010460417433766, ""MAE_avg"": 6969.9111328125, ""RMSE_avg"": 8439.355539219272, ""sMAPE_avg"": 7.857195072302352, ""R2_avg"": -2.6254685537232847}",5938.2587890625,7361.5753748773095,6.746921192790569,-1.5498910657031923,8001.5634765625,9517.135703561235,8.967468951814134,-3.7010460417433766,6969.9111328125,8439.355539219272,7.857195072302352,-2.6254685537232847
110be74d-165d-407c-8b7c-ac8ea1a5ecd4,LSTM,,"{""units"": 96, ""num_layers"": 2, ""dropout"": 0.0, ""lr"": 0.002299958642814372}","{""MAE_15m"": 92370.6328125, ""RMSE_15m"": 92440.02180873824, ""sMAPE_15m"": 199.93249558607647, ""R2_15m"": -665.3954751723004, ""MAE_30m"": 91436.125, ""RMSE_30m"": 91559.36775666376, ""sMAPE_30m"": 199.93643416140887, ""R2_30m"": -370.69260832593284, ""MAE_avg"": 91903.37890625, ""RMSE_avg"": 91999.694782701, ""sMAPE_avg"": 199.93446487374268, ""R2_avg"": -518.0440417491166}","{""MAE_15m"": 85964.1328125, ""RMSE_15m"": 86111.01597356751, ""sMAPE_15m"": 199.9272313320066, ""R2_15m"": -292.39061512390697, ""MAE_30m"": 86289.7890625, ""RMSE_30m"": 86431.3868915685, ""sMAPE_30m"": 199.93273811286204, ""R2_30m"": -304.43937893628305, ""MAE_avg"": 86126.9609375, ""RMSE_avg"": 86271.201432568, ""sMAPE_avg"": 199.9299847224343, ""R2_avg"": -298.41499703009504}",85964.1328125,86111.01597356751,199.9272313320066,-292.39061512390697,86289.7890625,86431.3868915685,199.93273811286204,-304.43937893628305,86126.9609375,86271.201432568,199.9299847224343,-298.41499703009504
110be74d-165d-407c-8b7c-ac8ea1a5ecd4,GRU_LSTM,,"{""gru_units"": 96, ""lstm_units"": 96, ""dropout"": 0.2, ""lr"": 0.002869139536545374}","{""MAE_15m"": 92370.1796875, ""RMSE_15m"": 92439.55655454, ""sMAPE_15m"": 199.9304900984004, ""R2_15m"": -665.3887938194123, ""MAE_30m"": 91436.1328125, ""RMSE_30m"": 91559.38453266273, ""sMAPE_30m"": 199.9364648021955, ""R2_30m"": -370.692680212974, ""MAE_avg"": 91903.15625, ""RMSE_avg"": 91999.47054360138, ""sMAPE_avg"": 199.93347745029797, ""R2_avg"": -518.0407370161931}","{""MAE_15m"": 85963.6953125, ""RMSE_15m"": 86110.5759822799, ""sMAPE_15m"": 199.92518490216702, ""R2_15m"": -292.3876304300841, ""MAE_30m"": 86289.7734375, ""RMSE_30m"": 86431.36912024477, ""sMAPE_30m"": 199.93265401909787, ""R2_30m"": -304.4392533323493, ""MAE_avg"": 86126.734375, ""RMSE_avg"": 86270.97255126233, ""sMAPE_avg"": 199.92891946063244, ""R2_avg"": -298.4134418812167}",85963.6953125,86110.5759822799,199.92518490216702,-292.3876304300841,86289.7734375,86431.36912024477,199.93265401909787,-304.4392533323493,86126.734375,86270.97255126233,199.92891946063244,-298.4134418812167
110be74d-165d-407c-8b7c-ac8ea1a5ecd4,CNN1D,,"{""filters"": 96, ""kernel_size"": 7, ""dropout"": 0.2, ""lr"": 0.002869139536545374}","{""MAE_15m"": 92148.1875, ""RMSE_15m"": 92218.24548320142, ""sMAPE_15m"": 198.9684337647584, ""R2_15m"": -662.2018018012241, ""MAE_30m"": 91259.0390625, ""RMSE_30m"": 91383.49260123515, ""sMAPE_30m"": 199.157284255467, ""R2_30m"": -369.26599486041835, ""MAE_avg"": 91703.61328125, ""RMSE_avg"": 91800.86904221828, ""sMAPE_avg"": 199.0628590101127, ""R2_avg"": -515.7338983308211}","{""MAE_15m"": 85707.59375, ""RMSE_15m"": 85854.95340398246, ""sMAPE_15m"": 198.73341141380644, ""R2_15m"": -290.6483575027602, ""MAE_30m"": 86084.7109375, ""RMSE_30m"": 86226.88137698127, ""sMAPE_30m"": 198.9805644026033, ""R2_30m"": -302.99564545431303, ""MAE_avg"": 85896.15234375, ""RMSE_avg"": 86040.91739048186, ""sMAPE_avg"": 198.85698790820487, ""R2_avg"": -296.8220014785366}",85707.59375,85854.95340398246,198.73341141380644,-290.6483575027602,86084.7109375,86226.88137698127,198.9805644026033,-302.99564545431303,85896.15234375,86040.91739048186,198.85698790820487,-296.8220014785366
110be74d-165d-407c-8b7c-ac8ea1a5ecd4,RCNN,,"{""filters"": 64, ""kernel_size"": 7, ""rnn_units"": 64, ""rnn_type"": ""lstm"", ""dropout"": 0.3, ""lr"": 0.002470540427082325}","{""MAE_15m"": 92375.0703125, ""RMSE_15m"": 92444.45268376032, ""sMAPE_15m"": 199.95174223941018, ""R2_15m"": -665.4594072013807, ""MAE_30m"": 91440.8046875, ""RMSE_30m"": 91564.03975360632, ""sMAPE_30m"": 199.95693849216565, ""R2_30m"": -370.73052306484084, ""MAE_avg"": 91907.9375, ""RMSE_avg"": 92004.24621868331, ""sMAPE_avg"": 199.9543403657879, ""R2_avg"": -518.0949651331108}","{""MAE_15m"": 85968.59375, ""RMSE_15m"": 86115.46332686134, ""sMAPE_15m"": 199.94804305780536, ""R2_15m"": -292.4209381275532, ""MAE_30m"": 86294.4296875, ""RMSE_30m"": 86436.03100559396, ""sMAPE_30m"": 199.95434110539492, ""R2_30m"": -304.4721650519779, ""MAE_avg"": 86131.51171875, ""RMSE_avg"": 86275.74716622765, ""sMAPE_avg"": 199.95119208160014, ""R2_avg"": -298.4465515897656}",85968.59375,86115.46332686134,199.94804305780536,-292.4209381275532,86294.4296875,86436.03100559396,199.95434110539492,-304.4721650519779,86131.51171875,86275.74716622765,199.95119208160014,-298.4465515897656
19a59e1a-d32e-4494-8bbe-48d93b5927e6,XGBoost,,"{""n_estimators"": 200, ""max_depth"": 7, ""learning_rate"": 0.08310795711416077, ""subsample"": 0.8916028672163949, ""colsample_bytree"": 0.9085081386743783, ""min_child_weight"": 1, ""reg_lambda"": 0.15251273957388442, ""gamma"": 0.5793452976256486, ""random_state"": 42, ""tree_method"": ""hist"", ""n_jobs"": -1, ""objective"": ""reg:squarederror""}","{""MAE_15m"": 0.16097386181354523, ""RMSE_15m"": 0.2157706121464624, ""sMAPE_15m"": 190.4129246408792, ""R2_15m"": 0.9814653170539946, ""MAE_30m"": 0.22651195526123047, ""RMSE_30m"": 0.28968073484140444, ""sMAPE_30m"": 190.32901920598292, ""R2_30m"": 0.9665928202168094, ""MAE_avg"": 0.19374290853738785, ""RMSE_avg"": 0.25272567349393343, ""sMAPE_avg"": 190.37097192343106, ""R2_avg"": 0.9740290686354021}","{""MAE_15m"": 284.13165283203125, ""RMSE_15m"": 752.7998156880752, ""sMAPE_15m"": 129.51343220613683, ""R2_15m"": 0.5771723770162431, ""MAE_30m"": 496.3642883300781, ""RMSE_30m"": 1067.0623224535668, ""sMAPE_30m"": 159.11133770553928, ""R2_30m"": 0.08972484719229179, ""MAE_avg"": 390.2479705810547, ""RMSE_avg"": 909.931069070821, ""sMAPE_avg"": 144.31238495583807, ""R2_avg"": 0.33344861210426746}",284.13165283203125,752.7998156880752,129.51343220613683,0.5771723770162431,496.3642883300781,1067.0623224535668,159.11133770553928,0.08972484719229179,390.2479705810547,909.931069070821,144.31238495583807,0.33344861210426746
19a59e1a-d32e-4494-8bbe-48d93b5927e6,LSTM,,"{""units"": 64, ""num_layers"": 2, ""dropout"": 0.2, ""lr"": 0.00019657448966046135}","{""MAE_15m"": 0.934597909450531, ""RMSE_15m"": 2.0060021220582973, ""sMAPE_15m"": 200.0, ""R2_15m"": -0.2731309326215523, ""MAE_30m"": 0.9287499785423279, ""RMSE_30m"": 1.548277171252094, ""sMAPE_30m"": 200.0, ""R2_30m"": -0.4255075707518434, ""MAE_avg"": 0.9316739439964294, ""RMSE_avg"": 1.7771396466551956, ""sMAPE_avg"": 200.0, ""R2_avg"": -0.34931925168669786}","{""MAE_15m"": 670.8402099609375, ""RMSE_15m"": 1354.1349175765315, ""sMAPE_15m"": 200.0, ""R2_15m"": -0.32523530466321815, ""MAE_30m"": 804.54248046875, ""RMSE_30m"": 1430.955668425825, ""sMAPE_30m"": 200.0, ""R2_30m"": -0.46202797607364765, ""MAE_avg"": 737.6913452148438, ""RMSE_avg"": 1392.5452930011784, ""sMAPE_avg"": 200.0, ""R2_avg"": -0.3936316403684329}",670.8402099609375,1354.1349175765315,200.0,-0.32523530466321815,804.54248046875,1430.955668425825,200.0,-0.46202797607364765,737.6913452148438,1392.5452930011784,200.0,-0.3936316403684329
19a59e1a-d32e-4494-8bbe-48d93b5927e6,GRU_LSTM,,"{""gru_units"": 64, ""lstm_units"": 32, ""dropout"": 0.2, ""lr"": 0.0002692655251486473}","{""MAE_15m"": 1.0674716234207153, ""RMSE_15m"": 2.0939595131881354, ""sMAPE_15m"": 200.0, ""R2_15m"": -0.3872246496226506, ""MAE_30m"": 0.47619807720184326, ""RMSE_30m"": 1.3680369762615645, ""sMAPE_30m"": 200.0, ""R2_30m"": -0.11292991564395405, ""MAE_avg"": 0.7718348503112793, ""RMSE_avg"": 1.73099824472485, ""sMAPE_avg"": 200.0, ""R2_avg"": -0.2500772826333023}","{""MAE_15m"": 670.8372192382812, ""RMSE_15m"": 1354.106116595003, ""sMAPE_15m"": 197.54122998791163, ""R2_15m"": -0.32517909086778696, ""MAE_30m"": 804.303955078125, ""RMSE_30m"": 1430.8901075903768, ""sMAPE_30m"": 199.9991349248852, ""R2_30m"": -0.4618941407642583, ""MAE_avg"": 737.5705871582031, ""RMSE_avg"": 1392.49811209269, ""sMAPE_avg"": 198.7701824563984, ""R2_avg"": -0.3935366158160226}",670.8372192382812,1354.106116595003,197.54122998791163,-0.32517909086778696,804.303955078125,1430.8901075903768,199.9991349248852,-0.4618941407642583,737.5705871582031,1392.49811209269,198.7701824563984,-0.3935366158160226
19a59e1a-d32e-4494-8bbe-48d93b5927e6,CNN1D,,"{""filters"": 32, ""kernel_size"": 5, ""dropout"": 0.3, ""lr"": 0.00044684675025045853}","{""MAE_15m"": 1.1333245038986206, ""RMSE_15m"": 1.9264281387688282, ""sMAPE_15m"": 197.25038952791917, ""R2_15m"": -0.17412928271495587, ""MAE_30m"": 1.0544533729553223, ""RMSE_30m"": 1.661788963337416, ""sMAPE_30m"": 200.0, ""R2_30m"": -0.6421917585764592, ""MAE_avg"": 1.0938889384269714, ""RMSE_avg"": 1.7941085510531223, ""sMAPE_avg"": 198.6251947639596, ""R2_avg"": -0.4081605206457075}","{""MAE_15m"": 670.7296752929688, ""RMSE_15m"": 1353.954162813498, ""sMAPE_15m"": 194.90664352585227, ""R2_15m"": -0.3248816163549324, ""MAE_30m"": 804.9418334960938, ""RMSE_30m"": 1431.2413755198668, ""sMAPE_30m"": 200.0, ""R2_30m"": -0.46261191182662853, ""MAE_avg"": 737.8357543945312, ""RMSE_avg"": 1392.5977691666824, ""sMAPE_avg"": 197.45332176292612, ""R2_avg"": -0.39374676409078047}",670.7296752929688,1353.954162813498,194.90664352585227,-0.3248816163549324,804.9418334960938,1431.2413755198668,200.0,-0.46261191182662853,737.8357543945312,1392.5977691666824,197.45332176292612,-0.39374676409078047
19a59e1a-d32e-4494-8bbe-48d93b5927e6,RCNN,,"{""filters"": 64, ""kernel_size"": 3, ""rnn_units"": 64, ""rnn_type"": ""lstm"", ""dropout"": 0.0, ""lr"": 0.00018559980846490597}","{""MAE_15m"": 1.8021626472473145, ""RMSE_15m"": 1.9492172210626206, ""sMAPE_15m"": 184.44480500625338, ""R2_15m"": -0.202072720740333, ""MAE_30m"": 1.8970626592636108, ""RMSE_30m"": 1.9264273343157285, ""sMAPE_30m"": 190.39523297866657, ""R2_30m"": -1.206873047060352, ""MAE_avg"": 1.8496126532554626, ""RMSE_avg"": 1.9378222776891745, ""sMAPE_avg"": 187.42001899245997, ""R2_avg"": -0.7044728839003425}","{""MAE_15m"": 670.5643920898438, ""RMSE_15m"": 1353.3192989830598, ""sMAPE_15m"": 179.6496947169512, ""R2_15m"": -0.32363944052398286, ""MAE_30m"": 803.5260620117188, ""RMSE_30m"": 1429.6471155498477, ""sMAPE_30m"": 173.23974407317672, ""R2_30m"": -0.4593552845428275, ""MAE_avg"": 737.0452270507812, ""RMSE_avg"": 1391.4832072664537, ""sMAPE_avg"": 176.44471939506394, ""R2_avg"": -0.39149736253340517}",670.5643920898438,1353.3192989830598,179.6496947169512,-0.32363944052398286,803.5260620117188,1429.6471155498477,173.23974407317672,-0.4593552845428275,737.0452270507812,1391.4832072664537,176.44471939506394,-0.39149736253340517
3ccf37fc-247d-42ae-92bb-99c08aa4d1f7,XGBoost,,"{""n_estimators"": 200, ""max_depth"": 8, ""learning_rate"": 0.18043311207136256, ""subsample"": 0.9233589392465844, ""colsample_bytree"": 0.7218455076693483, ""min_child_weight"": 1, ""reg_lambda"": 1.8141523033666782, ""gamma"": 2.2007624686980067, ""random_state"": 42, ""tree_method"": ""hist"", ""n_jobs"": -1, ""objective"": ""reg:squarederror""}","{""MAE_15m"": 0.4632812440395355, ""RMSE_15m"": 0.5674794520216542, ""sMAPE_15m"": 0.0019758699551481775, ""R2_15m"": 0.999999929103154, ""MAE_30m"": 0.43437498807907104, ""RMSE_30m"": 0.5446410737466314, ""sMAPE_30m"": 0.001931398218489192, ""R2_30m"": 0.999999911011557, ""MAE_avg"": 0.4488281160593033, ""RMSE_avg"": 0.5560602628841428, ""sMAPE_avg"": 0.0019536340868186847, ""R2_avg"": 0.9999999200573555}","{""MAE_15m"": 1305.7938232421875, ""RMSE_15m"": 1664.203863713818, ""sMAPE_15m"": 5.481540353342921, ""R2_15m"": -0.23259357517223767, ""MAE_30m"": 1242.8968505859375, ""RMSE_30m"": 1686.767470637254, ""sMAPE_30m"": 5.16902089961805, ""R2_30m"": -0.25859623922994013, ""MAE_avg"": 1274.3453369140625, ""RMSE_avg"": 1675.485667175536, ""sMAPE_avg"": 5.3252806264804855, ""R2_avg"": -0.2455949072010889}",1305.7938232421875,1664.203863713818,5.481540353342921,-0.23259357517223767,1242.8968505859375,1686.767470637254,5.16902089961805,-0.25859623922994013,1274.3453369140625,1675.485667175536,5.3252806264804855,-0.2455949072010889
3ccf37fc-247d-42ae-92bb-99c08aa4d1f7,LSTM,,"{""units"": 96, ""num_layers"": 2, ""dropout"": 0.0, ""lr"": 0.002299958642814372}","{""MAE_15m"": 26283.02734375, ""RMSE_15m"": 26322.458243864687, ""sMAPE_15m"": 199.82147972283357, ""R2_15m"": -333.0215273102985, ""MAE_30m"": 25512.3046875, ""RMSE_30m"": 25598.257440693105, ""sMAPE_30m"": 199.75482213967962, ""R2_30m"": -148.15887119945936, ""MAE_avg"": 25897.666015625, ""RMSE_avg"": 25960.357842278896, ""sMAPE_avg"": 199.7881509312566, ""R2_avg"": -240.59019925487894}","{""MAE_15m"": 22797.14453125, ""RMSE_15m"": 22816.30434579623, ""sMAPE_15m"": 199.79449698906987, ""R2_15m"": -594.7126537009026, ""MAE_30m"": 22668.822265625, ""RMSE_30m"": 22696.58229778219, ""sMAPE_30m"": 199.72533888829216, ""R2_30m"": -408.0415307022709, ""MAE_avg"": 22732.9833984375, ""RMSE_avg"": 22756.44332178921, ""sMAPE_avg"": 199.759917938681, ""R2_avg"": -501.3770922015867}",22797.14453125,22816.30434579623,199.79449698906987,-594.7126537009026,22668.822265625,22696.58229778219,199.72533888829216,-408.0415307022709,22732.9833984375,22756.44332178921,199.759917938681,-501.3770922015867
3ccf37fc-247d-42ae-92bb-99c08aa4d1f7,GRU_LSTM,,"{""gru_units"": 96, ""lstm_units"": 96, ""dropout"": 0.2, ""lr"": 0.002869139536545374}","{""MAE_15m"": 26278.75, ""RMSE_15m"": 26318.188387501144, ""sMAPE_15m"": 199.75628920143612, ""R2_15m"": -332.9131551118538, ""MAE_30m"": 25514.443359375, ""RMSE_30m"": 25600.389997029342, ""sMAPE_30m"": 199.7885341807208, ""R2_30m"": -148.18370647212316, ""MAE_avg"": 25896.5966796875, ""RMSE_avg"": 25959.28919226524, ""sMAPE_avg"": 199.77241169107845, ""R2_avg"": -240.5484307919885}","{""MAE_15m"": 22792.87109375, ""RMSE_15m"": 22812.034017158574, ""sMAPE_15m"": 199.71951984102256, ""R2_15m"": -594.4897102903457, ""MAE_30m"": 22670.962890625, ""RMSE_30m"": 22698.7217261237, ""sMAPE_30m"": 199.7631195794908, ""R2_30m"": -408.118606239535, ""MAE_avg"": 22731.9169921875, ""RMSE_avg"": 22755.377871641136, ""sMAPE_avg"": 199.74131971025668, ""R2_avg"": -501.3041582649403}",22792.87109375,22812.034017158574,199.71951984102256,-594.4897102903457,22670.962890625,22698.7217261237,199.7631195794908,-408.118606239535,22731.9169921875,22755.377871641136,199.74131971025668,-501.3041582649403
3ccf37fc-247d-42ae-92bb-99c08aa4d1f7,CNN1D,,"{""filters"": 96, ""kernel_size"": 7, ""dropout"": 0.2, ""lr"": 0.002869139536545374}","{""MAE_15m"": 25250.47265625, ""RMSE_15m"": 25327.401130001475, ""sMAPE_15m"": 184.88709858714626, ""R2_15m"": -308.2451320589663, ""MAE_30m"": 24251.72265625, ""RMSE_30m"": 24390.550301294967, ""sMAPE_30m"": 181.24969858499597, ""R2_30m"": -134.41645389968988, ""MAE_avg"": 24751.09765625, ""RMSE_avg"": 24858.975715648223, ""sMAPE_avg"": 183.0683985860711, ""R2_avg"": -221.3307929793281}","{""MAE_15m"": 22006.255859375, ""RMSE_15m"": 22026.14010670049, ""sMAPE_15m"": 186.3839626611369, ""R2_15m"": -554.1661661137387, ""MAE_30m"": 21702.767578125, ""RMSE_30m"": 21729.929222158087, ""sMAPE_30m"": 183.403005971732, ""R2_30m"": -373.94112497484457, ""MAE_avg"": 21854.51171875, ""RMSE_avg"": 21878.034664429288, ""sMAPE_avg"": 184.89348431643447, ""R2_avg"": -464.0536455442916}",22006.255859375,22026.14010670049,186.3839626611369,-554.1661661137387,21702.767578125,21729.929222158087,183.403005971732,-373.94112497484457,21854.51171875,21878.034664429288,184.89348431643447,-464.0536455442916
3ccf37fc-247d-42ae-92bb-99c08aa4d1f7,RCNN,,"{""filters"": 64, ""kernel_size"": 7, ""rnn_units"": 64, ""rnn_type"": ""lstm"", ""dropout"": 0.3, ""lr"": 0.002470540427082325}","{""MAE_15m"": 26282.1484375, ""RMSE_15m"": 26321.582931123274, ""sMAPE_15m"": 199.80810830366096, ""R2_15m"": -332.99932450793386, ""MAE_30m"": 25518.91015625, ""RMSE_30m"": 25604.842042082586, ""sMAPE_30m"": 199.85895500407523, ""R2_30m"": -148.2355995904297, ""MAE_avg"": 25900.529296875, ""RMSE_avg"": 25963.21248660293, ""sMAPE_avg"": 199.83353165386808, ""R2_avg"": -240.61746204918177}","{""MAE_15m"": 22796.26953125, ""RMSE_15m"": 22815.42776280997, ""sMAPE_15m"": 199.7790979518638, ""R2_15m"": -594.6668891697967, ""MAE_30m"": 22675.4296875, ""RMSE_30m"": 22703.181098691875, ""sMAPE_30m"": 199.84198821191646, ""R2_30m"": -408.2793863749237, ""MAE_avg"": 22735.849609375, ""RMSE_avg"": 22759.304430750923, ""sMAPE_avg"": 199.81054308189013, ""R2_avg"": -501.47313777236025}",22796.26953125,22815.42776280997,199.7790979518638,-594.6668891697967,22675.4296875,22703.181098691875,199.84198821191646,-408.2793863749237,22735.849609375,22759.304430750923,199.81054308189013,-501.47313777236025
3ea267c5-5e6f-4cd9-80d9-fd8817f4b807,XGBoost,,"{""n_estimators"": 1000, ""max_depth"": 2, ""learning_rate"": 0.12229771723580238, ""subsample"": 0.6479385875385398, ""colsample_bytree"": 0.6215311164246602, ""min_child_weight"": 1, ""reg_lambda"": 0.4105718776722006, ""gamma"": 0.02061253210501804, ""random_state"": 42, ""tree_method"": ""hist"", ""n_jobs"": -1, ""objective"": ""reg:squarederror""}","{""MAE_15m"": 16.700927734375, ""RMSE_15m"": 22.240354354560232, ""sMAPE_15m"": 0.10945266491876801, ""R2_15m"": 0.9999771798871303, ""MAE_30m"": 19.808837890625, ""RMSE_30m"": 25.177138551949515, ""sMAPE_30m"": 0.11522021486454781, ""R2_30m"": 0.999973650033652, ""MAE_avg"": 18.2548828125, ""RMSE_avg"": 23.708746453254875, ""sMAPE_avg"": 0.11233643989165791, ""R2_avg"": 0.9999754149603912}","{""MAE_15m"": 5200.6767578125, ""RMSE_15m"": 6149.19832173268, ""sMAPE_15m"": 28.155189124426, ""R2_15m"": -0.5548787814069855, ""MAE_30m"": 5594.849609375, ""RMSE_30m"": 7739.170239760849, ""sMAPE_30m"": 28.496547427534065, ""R2_30m"": -0.2055019592667935, ""MAE_avg"": 5397.76318359375, ""RMSE_avg"": 6944.184280746764, ""sMAPE_avg"": 28.32586827598003, ""R2_avg"": -0.3801903703368895}",5200.6767578125,6149.19832173268,28.155189124426,-0.5548787814069855,5594.849609375,7739.170239760849,28.496547427534065,-0.2055019592667935,5397.76318359375,6944.184280746764,28.32586827598003,-0.3801903703368895
3ea267c5-5e6f-4cd9-80d9-fd8817f4b807,LSTM,,"{""units"": 96, ""num_layers"": 2, ""dropout"": 0.0, ""lr"": 0.002299958642814372}","{""MAE_15m"": 18942.79296875, ""RMSE_15m"": 19577.276623677768, ""sMAPE_15m"": 199.70875958243943, ""R2_15m"": -14.681813201749112, ""MAE_30m"": 19478.671875, ""RMSE_30m"": 20304.55081995167, ""sMAPE_30m"": 199.68574743256042, ""R2_30m"": -11.547894146413972, ""MAE_avg"": 19210.732421875, ""RMSE_avg"": 19940.91372181472, ""sMAPE_avg"": 199.6972535074999, ""R2_avg"": -13.114853674081541}","{""MAE_15m"": 18630.724609375, ""RMSE_15m"": 19447.3574554488, ""sMAPE_15m"": 199.69076886234427, ""R2_15m"": -11.162395036814404, ""MAE_30m"": 19454.515625, ""RMSE_30m"": 20464.034401847548, ""sMAPE_30m"": 199.66782136880562, ""R2_30m"": -9.391850744660942, ""MAE_avg"": 19042.6201171875, ""RMSE_avg"": 19955.695928648172, ""sMAPE_avg"": 199.67929511557494, ""R2_avg"": -10.277122890737672}",18630.724609375,19447.3574554488,199.69076886234427,-11.162395036814404,19454.515625,20464.034401847548,199.66782136880562,-9.391850744660942,19042.6201171875,19955.695928648172,199.67929511557494,-10.277122890737672
3ea267c5-5e6f-4cd9-80d9-fd8817f4b807,GRU_LSTM,,"{""gru_units"": 96, ""lstm_units"": 96, ""dropout"": 0.2, ""lr"": 0.002869139536545374}","{""MAE_15m"": 18939.779296875, ""RMSE_15m"": 19574.361190087406, ""sMAPE_15m"": 199.64040367779168, ""R2_15m"": -14.677141949373977, ""MAE_30m"": 19477.611328125, ""RMSE_30m"": 20303.531909497913, ""sMAPE_30m"": 199.66192610262794, ""R2_30m"": -11.546634748138642, ""MAE_avg"": 19208.6953125, ""RMSE_avg"": 19938.946549792658, ""sMAPE_avg"": 199.65116489020983, ""R2_avg"": -13.11188834875631}","{""MAE_15m"": 18627.7109375, ""RMSE_15m"": 19444.47026791936, ""sMAPE_15m"": 199.61819608540804, ""R2_15m"": -11.158783598459577, ""MAE_30m"": 19453.451171875, ""RMSE_30m"": 20463.023432523358, ""sMAPE_30m"": 199.64261642015907, ""R2_30m"": -9.390824132539775, ""MAE_avg"": 19040.5810546875, ""RMSE_avg"": 19953.74685022136, ""sMAPE_avg"": 199.63040625278356, ""R2_avg"": -10.274803865499676}",18627.7109375,19444.47026791936,199.61819608540804,-11.158783598459577,19453.451171875,20463.023432523358,199.64261642015907,-9.390824132539775,19040.5810546875,19953.74685022136,199.63040625278356,-10.274803865499676
3ea267c5-5e6f-4cd9-80d9-fd8817f4b807,CNN1D,,"{""filters"": 96, ""kernel_size"": 7, ""dropout"": 0.2, ""lr"": 0.002869139536545374}","{""MAE_15m"": 16613.2109375, ""RMSE_15m"": 17364.15710594672, ""sMAPE_15m"": 153.62150562501938, ""R2_15m"": -11.33670363611938, ""MAE_30m"": 16293.5966796875, ""RMSE_30m"": 17388.744865573248, ""sMAPE_30m"": 139.66535100957657, ""R2_30m"": -8.202811746211442, ""MAE_avg"": 16453.40380859375, ""RMSE_avg"": 17376.450985759984, ""sMAPE_avg"": 146.64342831729797, ""R2_avg"": -9.76975769116541}","{""MAE_15m"": 15235.3642578125, ""RMSE_15m"": 16137.313283195565, ""sMAPE_15m"": 134.9747432645483, ""R2_15m"": -7.374528771361435, ""MAE_30m"": 14813.2099609375, ""RMSE_30m"": 15922.520905936974, ""sMAPE_30m"": 118.58777838072648, ""R2_30m"": -5.291207788630463, ""MAE_avg"": 15024.287109375, ""RMSE_avg"": 16029.91709456627, ""sMAPE_avg"": 126.78126082263739, ""R2_avg"": -6.3328682799959495}",15235.3642578125,16137.313283195565,134.9747432645483,-7.374528771361435,14813.2099609375,15922.520905936974,118.58777838072648,-5.291207788630463,15024.287109375,16029.91709456627,126.78126082263739,-6.3328682799959495
3ea267c5-5e6f-4cd9-80d9-fd8817f4b807,RCNN,,"{""filters"": 64, ""kernel_size"": 7, ""rnn_units"": 64, ""rnn_type"": ""lstm"", ""dropout"": 0.3, ""lr"": 0.002470540427082325}","{""MAE_15m"": 18947.431640625, ""RMSE_15m"": 19581.767029560942, ""sMAPE_15m"": 199.81403981632553, ""R2_15m"": -14.689007222025324, ""MAE_30m"": 19481.986328125, ""RMSE_30m"": 20307.73251744271, ""sMAPE_30m"": 199.76014043237768, ""R2_30m"": -11.551826556435838, ""MAE_avg"": 19214.708984375, ""RMSE_avg"": 19944.749773501826, ""sMAPE_avg"": 199.7870901243516, ""R2_avg"": -13.120416889230581}","{""MAE_15m"": 18635.361328125, ""RMSE_15m"": 19451.79971108072, ""sMAPE_15m"": 199.80245252480773, ""R2_15m"": -11.167950069218623, ""MAE_30m"": 19457.84765625, ""RMSE_30m"": 20467.204596622374, ""sMAPE_30m"": 199.74678115514425, ""R2_30m"": -9.395069692661858, ""MAE_avg"": 19046.6044921875, ""RMSE_avg"": 19959.502153851547, ""sMAPE_avg"": 199.77461683997598, ""R2_avg"": -10.281509880940241}",18635.361328125,19451.79971108072,199.80245252480773,-11.167950069218623,19457.84765625,20467.204596622374,199.74678115514425,-9.395069692661858,19046.6044921875,19959.502153851547,199.77461683997598,-10.281509880940241
3f777693-5345-428e-bf52-0b575fc53f20,XGBoost,,"{""n_estimators"": 1000, ""max_depth"": 6, ""learning_rate"": 0.013873918534603936, ""subsample"": 0.9379958902620493, ""colsample_bytree"": 0.8866319736364462, ""min_child_weight"": 4, ""reg_lambda"": 0.6733467055241452, ""gamma"": 4.979812555340124, ""random_state"": 42, ""tree_method"": ""hist"", ""n_jobs"": -1, ""objective"": ""reg:squarederror""}","{""MAE_15m"": 130.18905639648438, ""RMSE_15m"": 160.8001902109416, ""sMAPE_15m"": 0.08939643872121507, ""R2_15m"": 0.9903531022661294, ""MAE_30m"": 121.6703109741211, ""RMSE_30m"": 153.73282424388097, ""sMAPE_30m"": 0.08327124201488603, ""R2_30m"": 0.9909567613810946, ""MAE_avg"": 125.92968368530273, ""RMSE_avg"": 157.2665072274113, ""sMAPE_avg"": 0.08633384036805056, ""R2_avg"": 0.990654931823612}","{""MAE_15m"": 1387.36474609375, ""RMSE_15m"": 2245.6692766300207, ""sMAPE_15m"": 0.9397843019931176, ""R2_15m"": -1.6429607328220066, ""MAE_30m"": 4267.37841796875, ""RMSE_30m"": 8287.270238142351, ""sMAPE_30m"": 3.0325396004655456, ""R2_30m"": -47.0918227689315, ""MAE_avg"": 2827.37158203125, ""RMSE_avg"": 5266.469757386186, ""sMAPE_avg"": 1.9861619512293316, ""R2_avg"": -24.367391750876752}",1387.36474609375,2245.6692766300207,0.9397843019931176,-1.6429607328220066,4267.37841796875,8287.270238142351,3.0325396004655456,-47.0918227689315,2827.37158203125,5266.469757386186,1.9861619512293316,-24.367391750876752
3f777693-5345-428e-bf52-0b575fc53f20,LSTM,,"{""units"": 96, ""num_layers"": 2, ""dropout"": 0.0, ""lr"": 0.002299958642814372}","{""MAE_15m"": 145647.421875, ""RMSE_15m"": 145659.76092250049, ""sMAPE_15m"": 199.95808780191396, ""R2_15m"": -5902.085624437963, ""MAE_30m"": 146090.125, ""RMSE_30m"": 146101.44508525575, ""sMAPE_30m"": 199.96511103545402, ""R2_30m"": -6450.948544111163, ""MAE_avg"": 145868.7734375, ""RMSE_avg"": 145880.60300387812, ""sMAPE_avg"": 199.961599418684, ""R2_avg"": -6176.517084274563}","{""MAE_15m"": 145633.328125, ""RMSE_15m"": 145637.8535408978, ""sMAPE_15m"": 199.9580882524495, ""R2_15m"": -16098.536785464614, ""MAE_30m"": 145631.265625, ""RMSE_30m"": 145635.64574649985, ""sMAPE_30m"": 199.96500434010966, ""R2_30m"": -16603.796649405114, ""MAE_avg"": 145632.296875, ""RMSE_avg"": 145636.74964369883, ""sMAPE_avg"": 199.96154629627958, ""R2_avg"": -16351.166717434864}",145633.328125,145637.8535408978,199.9580882524495,-16098.536785464614,145631.265625,145635.64574649985,199.96500434010966,-16603.796649405114,145632.296875,145636.74964369883,199.96154629627958,-16351.166717434864
3f777693-5345-428e-bf52-0b575fc53f20,GRU_LSTM,,"{""gru_units"": 96, ""lstm_units"": 96, ""dropout"": 0.2, ""lr"": 0.002869139536545374}","{""MAE_15m"": 145647.046875, ""RMSE_15m"": 145659.37426750123, ""sMAPE_15m"": 199.95702309989383, ""R2_15m"": -5902.0541295032035, ""MAE_30m"": 146086.015625, ""RMSE_30m"": 146097.3448629372, ""sMAPE_30m"": 199.95389388625625, ""R2_30m"": -6450.587086728873, ""MAE_avg"": 145866.53125, ""RMSE_avg"": 145878.3595652192, ""sMAPE_avg"": 199.95545849307504, ""R2_avg"": -6176.320608116039}","{""MAE_15m"": 145632.9375, ""RMSE_15m"": 145637.4527654202, ""sMAPE_15m"": 199.9570238314319, ""R2_15m"": -16098.450250812448, ""MAE_30m"": 145627.171875, ""RMSE_30m"": 145631.55350403977, ""sMAPE_30m"": 199.95375286258573, ""R2_30m"": -16602.86336653966, ""MAE_avg"": 145630.0546875, ""RMSE_avg"": 145634.50313472998, ""sMAPE_avg"": 199.9553883470088, ""R2_avg"": -16350.656808676053}",145632.9375,145637.4527654202,199.9570238314319,-16098.450250812448,145627.171875,145631.55350403977,199.95375286258573,-16602.86336653966,145630.0546875,145634.50313472998,199.9553883470088,-16350.656808676053
3f777693-5345-428e-bf52-0b575fc53f20,CNN1D,,"{""filters"": 96, ""kernel_size"": 7, ""dropout"": 0.2, ""lr"": 0.002869139536545374}","{""MAE_15m"": 144867.765625, ""RMSE_15m"": 144887.01738941277, ""sMAPE_15m"": 197.81869185692605, ""R2_15m"": -5839.618166788744, ""MAE_30m"": 145204.703125, ""RMSE_30m"": 145223.13600800667, ""sMAPE_30m"": 197.54780066188806, ""R2_30m"": -6373.608594702125, ""MAE_avg"": 145036.234375, ""RMSE_avg"": 145055.07669870972, ""sMAPE_avg"": 197.68324625940704, ""R2_avg"": -6106.613380745434}","{""MAE_15m"": 144936.890625, ""RMSE_15m"": 144941.80194823025, ""sMAPE_15m"": 198.05605155484346, ""R2_15m"": -15945.016928578469, ""MAE_30m"": 144840.390625, ""RMSE_30m"": 144845.637890825, ""sMAPE_30m"": 197.80568979850594, ""R2_30m"": -16424.13655791227, ""MAE_avg"": 144888.640625, ""RMSE_avg"": 144893.71991952762, ""sMAPE_avg"": 197.93087067667472, ""R2_avg"": -16184.576743245369}",144936.890625,144941.80194823025,198.05605155484346,-15945.016928578469,144840.390625,144845.637890825,197.80568979850594,-16424.13655791227,144888.640625,144893.71991952762,197.93087067667472,-16184.576743245369
3f777693-5345-428e-bf52-0b575fc53f20,RCNN,,"{""filters"": 64, ""kernel_size"": 7, ""rnn_units"": 64, ""rnn_type"": ""lstm"", ""dropout"": 0.3, ""lr"": 0.002470540427082325}","{""MAE_15m"": 145650.859375, ""RMSE_15m"": 145663.1915619042, ""sMAPE_15m"": 199.96745921166706, ""R2_15m"": -5902.362862745255, ""MAE_30m"": 146093.0625, ""RMSE_30m"": 146104.38876365076, ""sMAPE_30m"": 199.97315673821342, ""R2_30m"": -6451.20938094238, ""MAE_avg"": 145871.9609375, ""RMSE_avg"": 145883.79016277747, ""sMAPE_avg"": 199.97030797494023, ""R2_avg"": -6176.786121843817}","{""MAE_15m"": 145636.734375, ""RMSE_15m"": 145641.27063439126, ""sMAPE_15m"": 199.9674595411726, ""R2_15m"": -16099.293056870813, ""MAE_30m"": 145634.234375, ""RMSE_30m"": 145638.60587083356, ""sMAPE_30m"": 199.97307472030383, ""R2_30m"": -16604.470189694992, ""MAE_avg"": 145635.484375, ""RMSE_avg"": 145639.93825261242, ""sMAPE_avg"": 199.9702671307382, ""R2_avg"": -16351.881623282901}",145636.734375,145641.27063439126,199.9674595411726,-16099.293056870813,145634.234375,145638.60587083356,199.97307472030383,-16604.470189694992,145635.484375,145639.93825261242,199.9702671307382,-16351.881623282901
43509ccb-0613-415f-9115-b9a1732a9c0c,XGBoost,,"{""n_estimators"": 200, ""max_depth"": 4, ""learning_rate"": 0.05018421679288628, ""subsample"": 0.9416221920015159, ""colsample_bytree"": 0.6282572457368232, ""min_child_weight"": 1, ""reg_lambda"": 3.6407556542584274, ""gamma"": 1.3678613939322415, ""random_state"": 42, ""tree_method"": ""hist"", ""n_jobs"": -1, ""objective"": ""reg:squarederror""}","{""MAE_15m"": 199.7480926513672, ""RMSE_15m"": 268.47110528881876, ""sMAPE_15m"": 1.5533312463547455, ""R2_15m"": 0.9674476849071094, ""MAE_30m"": 144.620361328125, ""RMSE_30m"": 219.68706436656666, ""sMAPE_30m"": 1.1017637475339552, ""R2_30m"": 0.9803408832745345, ""MAE_avg"": 172.1842269897461, ""RMSE_avg"": 244.07908482769272, ""sMAPE_avg"": 1.3275474969443504, ""R2_avg"": 0.973894284090822}","{""MAE_15m"": 2214.862060546875, ""RMSE_15m"": 2650.5862559064176, ""sMAPE_15m"": 16.415659492959232, ""R2_15m"": -0.27475695189371985, ""MAE_30m"": 2861.453857421875, ""RMSE_30m"": 3397.151895338211, ""sMAPE_30m"": 21.53888304202989, ""R2_30m"": -0.8596860677368725, ""MAE_avg"": 2538.157958984375, ""RMSE_avg"": 3023.869075622314, ""sMAPE_avg"": 18.97727126749456, ""R2_avg"": -0.5672215098152962}",2214.862060546875,2650.5862559064176,16.415659492959232,-0.27475695189371985,2861.453857421875,3397.151895338211,21.53888304202989,-0.8596860677368725,2538.157958984375,3023.869075622314,18.97727126749456,-0.5672215098152962
43509ccb-0613-415f-9115-b9a1732a9c0c,LSTM,,"{""units"": 96, ""num_layers"": 2, ""dropout"": 0.0, ""lr"": 0.002299958642814372}","{""MAE_15m"": 13545.4677734375, ""RMSE_15m"": 13741.114365290758, ""sMAPE_15m"": 199.62323519387638, ""R2_15m"": -34.368807191780924, ""MAE_30m"": 14362.6650390625, ""RMSE_30m"": 14546.138456648898, ""sMAPE_30m"": 199.56787804819584, ""R2_30m"": -38.892184895000995, ""MAE_avg"": 13954.06640625, ""RMSE_avg"": 14143.626410969828, ""sMAPE_avg"": 199.5955566210361, ""R2_avg"": -36.63049604339096}","{""MAE_15m"": 15113.05859375, ""RMSE_15m"": 15267.479163241062, ""sMAPE_15m"": 199.66371285772476, ""R2_15m"": -48.68567535531615, ""MAE_30m"": 14878.4326171875, ""RMSE_30m"": 15087.001557632319, ""sMAPE_30m"": 199.58063456629452, ""R2_30m"": -35.41945275491561, ""MAE_avg"": 14995.74560546875, ""RMSE_avg"": 15177.24036043669, ""sMAPE_avg"": 199.62217371200964, ""R2_avg"": -42.05256405511588}",15113.05859375,15267.479163241062,199.66371285772476,-48.68567535531615,14878.4326171875,15087.001557632319,199.58063456629452,-35.41945275491561,14995.74560546875,15177.24036043669,199.62217371200964,-42.05256405511588
43509ccb-0613-415f-9115-b9a1732a9c0c,GRU_LSTM,,"{""gru_units"": 96, ""lstm_units"": 96, ""dropout"": 0.2, ""lr"": 0.002869139536545374}","{""MAE_15m"": 13542.1494140625, ""RMSE_15m"": 13737.844372389724, ""sMAPE_15m"": 199.52304245367515, ""R2_15m"": -34.35197566237272, ""MAE_30m"": 14360.1103515625, ""RMSE_30m"": 14543.617706746832, ""sMAPE_30m"": 199.49530180980776, ""R2_30m"": -38.87836067367524, ""MAE_avg"": 13951.1298828125, ""RMSE_avg"": 14140.731039568278, ""sMAPE_avg"": 199.50917213174145, ""R2_avg"": -36.615168168023985}","{""MAE_15m"": 15109.7392578125, ""RMSE_15m"": 15264.19549141061, ""sMAPE_15m"": 199.57428996042503, ""R2_15m"": -48.664305948100846, ""MAE_30m"": 14875.87890625, ""RMSE_30m"": 15084.483153227358, ""sMAPE_30m"": 199.5101748277259, ""R2_30m"": -35.40729563662058, ""MAE_avg"": 14992.80908203125, ""RMSE_avg"": 15174.339322318985, ""sMAPE_avg"": 199.54223239407548, ""R2_avg"": -42.03580079236072}",15109.7392578125,15264.19549141061,199.57428996042503,-48.664305948100846,14875.87890625,15084.483153227358,199.5101748277259,-35.40729563662058,14992.80908203125,15174.339322318985,199.54223239407548,-42.03580079236072
43509ccb-0613-415f-9115-b9a1732a9c0c,CNN1D,,"{""filters"": 96, ""kernel_size"": 7, ""dropout"": 0.2, ""lr"": 0.002869139536545374}","{""MAE_15m"": 12196.76953125, ""RMSE_15m"": 12487.485575567245, ""sMAPE_15m"": 162.5317694234912, ""R2_15m"": -28.20965992055019, ""MAE_30m"": 13049.5810546875, ""RMSE_30m"": 13301.236032790335, ""sMAPE_30m"": 165.52547081739314, ""R2_30m"": -32.356186263972, ""MAE_avg"": 12623.17529296875, ""RMSE_avg"": 12894.36080417879, ""sMAPE_avg"": 164.02862012044216, ""R2_avg"": -30.282923092261093}","{""MAE_15m"": 13228.9736328125, ""RMSE_15m"": 13420.349324812674, ""sMAPE_15m"": 154.78079043181293, ""R2_15m"": -37.390536744680304, ""MAE_30m"": 13042.3955078125, ""RMSE_30m"": 13263.58443257327, ""sMAPE_30m"": 155.38361572711415, ""R2_30m"": -27.148116982709794, ""MAE_avg"": 13135.6845703125, ""RMSE_avg"": 13341.966878692972, ""sMAPE_avg"": 155.08220307946354, ""R2_avg"": -32.26932686369505}",13228.9736328125,13420.349324812674,154.78079043181293,-37.390536744680304,13042.3955078125,13263.58443257327,155.38361572711415,-27.148116982709794,13135.6845703125,13341.966878692972,155.08220307946354,-32.26932686369505
43509ccb-0613-415f-9115-b9a1732a9c0c,RCNN,,"{""filters"": 64, ""kernel_size"": 7, ""rnn_units"": 64, ""rnn_type"": ""lstm"", ""dropout"": 0.3, ""lr"": 0.002470540427082325}","{""MAE_15m"": 13547.103515625, ""RMSE_15m"": 13742.728695568432, ""sMAPE_15m"": 199.6727301332892, ""R2_15m"": -34.37711928520589, ""MAE_30m"": 14368.728515625, ""RMSE_30m"": 14552.126442551275, ""sMAPE_30m"": 199.74040944172228, ""R2_30m"": -38.92503622274793, ""MAE_avg"": 13957.916015625, ""RMSE_avg"": 14147.427569059853, ""sMAPE_avg"": 199.70656978750574, ""R2_avg"": -36.65107775397691}","{""MAE_15m"": 15114.6953125, ""RMSE_15m"": 15269.100300934564, ""sMAPE_15m"": 199.70790044805747, ""R2_15m"": -48.696230247224754, ""MAE_30m"": 14884.49609375, ""RMSE_30m"": 15092.98115019031, ""sMAPE_30m"": 199.74806814570724, ""R2_30m"": -35.44832899091992, ""MAE_avg"": 14999.595703125, ""RMSE_avg"": 15181.040725562438, ""sMAPE_avg"": 199.72798429688237, ""R2_avg"": -42.07227961907233}",15114.6953125,15269.100300934564,199.70790044805747,-48.696230247224754,14884.49609375,15092.98115019031,199.74806814570724,-35.44832899091992,14999.595703125,15181.040725562438,199.72798429688237,-42.07227961907233
44f64394-7b6b-419e-8160-7b939a94ea88,SKIPPED_INACTIVE_OP,OP_STATUS_true_ratio=0.000 < 0.05,,,,,,,,,,,,,,,
450102af-8be0-491a-bbd3-6399d9e70f68,XGBoost,,"{""n_estimators"": 1200, ""max_depth"": 2, ""learning_rate"": 0.02513734458845407, ""subsample"": 0.6071847502459278, ""colsample_bytree"": 0.6058268031335812, ""min_child_weight"": 10, ""reg_lambda"": 15.421779524164808, ""gamma"": 3.3820892378437524, ""random_state"": 42, ""tree_method"": ""hist"", ""n_jobs"": -1, ""objective"": ""reg:squarederror""}","{""MAE_15m"": 248.6283416748047, ""RMSE_15m"": 301.1577919048418, ""sMAPE_15m"": 0.23349125385865843, ""R2_15m"": 0.910610093863473, ""MAE_30m"": 345.93414306640625, ""RMSE_30m"": 427.4416992409608, ""sMAPE_30m"": 0.3258974553883878, ""R2_30m"": 0.746240798796, ""MAE_avg"": 297.28124237060547, ""RMSE_avg"": 364.2997455729013, ""sMAPE_avg"": 0.2796943546235231, ""R2_avg"": 0.8284254463297365}","{""MAE_15m"": 2536.9052734375, ""RMSE_15m"": 3358.2145553850487, ""sMAPE_15m"": 2.4269877651690877, ""R2_15m"": -1.2801043309245785, ""MAE_30m"": 2712.2412109375, ""RMSE_30m"": 3433.55442653819, ""sMAPE_30m"": 2.59254578827113, ""R2_30m"": -1.4433227898374499, ""MAE_avg"": 2624.5732421875, ""RMSE_avg"": 3395.884490961619, ""sMAPE_avg"": 2.5097667767201086, ""R2_avg"": -1.3617135603810142}",2536.9052734375,3358.2145553850487,2.4269877651690877,-1.2801043309245785,2712.2412109375,3433.55442653819,2.59254578827113,-1.4433227898374499,2624.5732421875,3395.884490961619,2.5097667767201086,-1.3617135603810142
450102af-8be0-491a-bbd3-6399d9e70f68,LSTM,,"{""units"": 96, ""num_layers"": 2, ""dropout"": 0.0, ""lr"": 0.002299958642814372}","{""MAE_15m"": 105956.4609375, ""RMSE_15m"": 105960.4080022345, ""sMAPE_15m"": 199.94565321979945, ""R2_15m"": -13402.873504071862, ""MAE_30m"": 105230.8515625, ""RMSE_30m"": 105251.08903949641, ""sMAPE_30m"": 199.94879858547768, ""R2_30m"": -2600.577097825127, ""MAE_avg"": 105593.65625, ""RMSE_avg"": 105605.74852086545, ""sMAPE_avg"": 199.94722590263856, ""R2_avg"": -8001.725300948495}","{""MAE_15m"": 103887.7890625, ""RMSE_15m"": 103917.7915084804, ""sMAPE_15m"": 199.94456398352162, ""R2_15m"": -1730.6465006768537, ""MAE_30m"": 104459.9453125, ""RMSE_30m"": 104482.13657846015, ""sMAPE_30m"": 199.9484387627029, ""R2_30m"": -2353.386541844323, ""MAE_avg"": 104173.8671875, ""RMSE_avg"": 104199.96404347027, ""sMAPE_avg"": 199.94650137311226, ""R2_avg"": -2042.0165212605884}",103887.7890625,103917.7915084804,199.94456398352162,-1730.6465006768537,104459.9453125,104482.13657846015,199.9484387627029,-2353.386541844323,104173.8671875,104199.96404347027,199.94650137311226,-2042.0165212605884
450102af-8be0-491a-bbd3-6399d9e70f68,GRU_LSTM,,"{""gru_units"": 96, ""lstm_units"": 96, ""dropout"": 0.2, ""lr"": 0.002869139536545374}","{""MAE_15m"": 105954.3046875, ""RMSE_15m"": 105958.25291122915, ""sMAPE_15m"": 199.93752383535178, ""R2_15m"": -13402.328887605157, ""MAE_30m"": 105228.4921875, ""RMSE_30m"": 105248.71997321393, ""sMAPE_30m"": 199.93978725840827, ""R2_30m"": -2600.459982846826, ""MAE_avg"": 105591.3984375, ""RMSE_avg"": 105603.48644222153, ""sMAPE_avg"": 199.93865554688003, ""R2_avg"": -8001.394435225991}","{""MAE_15m"": 103885.6328125, ""RMSE_15m"": 103915.64825376398, ""sMAPE_15m"": 199.9362905449126, ""R2_15m"": -1730.5749905561147, ""MAE_30m"": 104457.5859375, ""RMSE_30m"": 104479.77457862359, ""sMAPE_30m"": 199.9393837068076, ""R2_30m"": -2353.2800194524484, ""MAE_avg"": 104171.609375, ""RMSE_avg"": 104197.71141619378, ""sMAPE_avg"": 199.93783712586009, ""R2_avg"": -2041.9275050042816}",103885.6328125,103915.64825376398,199.9362905449126,-1730.5749905561147,104457.5859375,104479.77457862359,199.9393837068076,-2353.2800194524484,104171.609375,104197.71141619378,199.93783712586009,-2041.9275050042816
450102af-8be0-491a-bbd3-6399d9e70f68,CNN1D,,"{""filters"": 96, ""kernel_size"": 7, ""dropout"": 0.2, ""lr"": 0.002869139536545374}","{""MAE_15m"": 105743.09375, ""RMSE_15m"": 105747.21375052867, ""sMAPE_15m"": 199.1415944219799, ""R2_15m"": -13348.989888421234, ""MAE_30m"": 105049.1640625, ""RMSE_30m"": 105069.9180545983, ""sMAPE_30m"": 199.25755612576307, ""R2_30m"": -2591.6286236976644, ""MAE_avg"": 105396.12890625, ""RMSE_avg"": 105408.56590256348, ""sMAPE_avg"": 199.1995752738715, ""R2_avg"": -7970.30925605945}","{""MAE_15m"": 103599.7265625, ""RMSE_15m"": 103629.45434576021, ""sMAPE_15m"": 198.83979523281184, ""R2_15m"": -1721.0502693997607, ""MAE_30m"": 104213.59375, ""RMSE_30m"": 104235.64196569232, ""sMAPE_30m"": 199.00802627876377, ""R2_30m"": -2342.2906188587917, ""MAE_avg"": 103906.66015625, ""RMSE_avg"": 103932.54815572627, ""sMAPE_avg"": 198.9239107557878, ""R2_avg"": -2031.6704441292763}",103599.7265625,103629.45434576021,198.83979523281184,-1721.0502693997607,104213.59375,104235.64196569232,199.00802627876377,-2342.2906188587917,103906.66015625,103932.54815572627,198.9239107557878,-2031.6704441292763
450102af-8be0-491a-bbd3-6399d9e70f68,RCNN,,"{""filters"": 64, ""kernel_size"": 7, ""rnn_units"": 64, ""rnn_type"": ""lstm"", ""dropout"": 0.3, ""lr"": 0.002470540427082325}","{""MAE_15m"": 105961.15625, ""RMSE_15m"": 105965.11425936368, ""sMAPE_15m"": 199.9634085517964, ""R2_15m"": -13404.063999401063, ""MAE_30m"": 105234.8046875, ""RMSE_30m"": 105255.02439313765, ""sMAPE_30m"": 199.9637929805746, ""R2_30m"": -2600.7721291339612, ""MAE_avg"": 105597.98046875, ""RMSE_avg"": 105610.06932625067, ""sMAPE_avg"": 199.9636007661855, ""R2_avg"": -8002.418064267513}","{""MAE_15m"": 103892.4765625, ""RMSE_15m"": 103922.49665977045, ""sMAPE_15m"": 199.96266121757452, ""R2_15m"": -1730.8030949787556, ""MAE_30m"": 104463.8828125, ""RMSE_30m"": 104486.07639298166, ""sMAPE_30m"": 199.96352433720403, ""R2_30m"": -2353.564066894776, ""MAE_avg"": 104178.1796875, ""RMSE_avg"": 104204.28652637606, ""sMAPE_avg"": 199.96309277738928, ""R2_avg"": -2042.1835809367658}",103892.4765625,103922.49665977045,199.96266121757452,-1730.8030949787556,104463.8828125,104486.07639298166,199.96352433720403,-2353.564066894776,104178.1796875,104204.28652637606,199.96309277738928,-2042.1835809367658
4832ec2b-e6ef-4d30-9b2d-5996b064d7a9,SKIPPED_INACTIVE_OP,OP_STATUS_true_ratio=0.000 < 0.05,,,,,,,,,,,,,,,
55c3ff04-1bf9-4da4-a212-8737d27bb152,SKIPPED_INACTIVE_OP,OP_STATUS_true_ratio=0.000 < 0.05,,,,,,,,,,,,,,,
5edd0748-592a-409c-86bc-128eb988e757,SKIPPED_INACTIVE_OP,OP_STATUS_true_ratio=0.000 < 0.05,,,,,,,,,,,,,,,
6511a75b-7d70-4f97-aa45-0158bf672464,SKIPPED_INACTIVE_OP,OP_STATUS_true_ratio=0.000 < 0.05,,,,,,,,,,,,,,,
684ce2ca-716e-47f0-a3b8-5cc60395f4a2,XGBoost,,"{""n_estimators"": 200, ""max_depth"": 8, ""learning_rate"": 0.18043311207136256, ""subsample"": 0.9233589392465844, ""colsample_bytree"": 0.7218455076693483, ""min_child_weight"": 1, ""reg_lambda"": 1.8141523033666782, ""gamma"": 2.2007624686980067, ""random_state"": 42, ""tree_method"": ""hist"", ""n_jobs"": -1, ""objective"": ""reg:squarederror""}","{""MAE_15m"": 0.4786458909511566, ""RMSE_15m"": 0.7098377650901, ""sMAPE_15m"": 13.86666608276851, ""R2_15m"": 0.99143207848242, ""MAE_30m"": 0.4506296217441559, ""RMSE_30m"": 0.6041256435761042, ""sMAPE_30m"": 12.547878762690285, ""R2_30m"": 0.9999998459274267, ""MAE_avg"": 0.46463775634765625, ""RMSE_avg"": 0.6569817043331021, ""sMAPE_avg"": 13.207272422729398, ""R2_avg"": 0.9957159622049234}","{""MAE_15m"": 1394.0279541015625, ""RMSE_15m"": 3365.7388490493436, ""sMAPE_15m"": 176.5046636117493, ""R2_15m"": -0.009154432944533886, ""MAE_30m"": 4210.326171875, ""RMSE_30m"": 4480.171425291671, ""sMAPE_30m"": 190.5395015519776, ""R2_30m"": -0.970321802587456, ""MAE_avg"": 2802.1770629882812, ""RMSE_avg"": 3922.9551371705074, ""sMAPE_avg"": 183.52208258186346, ""R2_avg"": -0.48973811776599496}",1394.0279541015625,3365.7388490493436,176.5046636117493,-0.009154432944533886,4210.326171875,4480.171425291671,190.5395015519776,-0.970321802587456,2802.1770629882812,3922.9551371705074,183.52208258186346,-0.48973811776599496
684ce2ca-716e-47f0-a3b8-5cc60395f4a2,LSTM,,"{""units"": 64, ""num_layers"": 1, ""dropout"": 0.3, ""lr"": 0.0003364867144187955}","{""MAE_15m"": 877.5972900390625, ""RMSE_15m"": 2259.647206977231, ""sMAPE_15m"": 181.1563694243311, ""R2_15m"": -0.1774685850150175, ""MAE_30m"": 2515.15771484375, ""RMSE_30m"": 5889.6465089171525, ""sMAPE_30m"": 165.30400223131744, ""R2_30m"": -0.22302255451339326, ""MAE_avg"": 1696.3775024414062, ""RMSE_avg"": 4074.6468579471916, ""sMAPE_avg"": 173.23018582782427, ""R2_avg"": -0.20024556976420538}","{""MAE_15m"": 9.268588066101074, ""RMSE_15m"": 11.622220271029125, ""sMAPE_15m"": 170.37257687444492, ""R2_15m"": -1.475348289973851, ""MAE_30m"": 5.9446868896484375, ""RMSE_30m"": 7.295099144432488, ""sMAPE_30m"": 171.57853217920612, ""R2_30m"": -1.0692727291583144, ""MAE_avg"": 7.606637477874756, ""RMSE_avg"": 9.458659707730806, ""sMAPE_avg"": 170.97555452682553, ""R2_avg"": -1.2723105095660827}",9.268588066101074,11.622220271029125,170.37257687444492,-1.475348289973851,5.9446868896484375,7.295099144432488,171.57853217920612,-1.0692727291583144,7.606637477874756,9.458659707730806,170.97555452682553,-1.2723105095660827
684ce2ca-716e-47f0-a3b8-5cc60395f4a2,GRU_LSTM,,"{""gru_units"": 96, ""lstm_units"": 64, ""dropout"": 0.0, ""lr"": 0.00014433402406338895}","{""MAE_15m"": 877.0875244140625, ""RMSE_15m"": 2259.4718409398247, ""sMAPE_15m"": 163.60918728900083, ""R2_15m"": -0.177285936665182, ""MAE_30m"": 2514.396240234375, ""RMSE_30m"": 5889.380612594163, ""sMAPE_30m"": 149.19390154442652, ""R2_30m"": -0.2229120597455403, ""MAE_avg"": 1695.7418823242188, ""RMSE_avg"": 4074.4262267669938, ""sMAPE_avg"": 156.40154441671368, ""R2_avg"": -0.20009899820536114}","{""MAE_15m"": 9.010627746582031, ""RMSE_15m"": 11.341420672736575, ""sMAPE_15m"": 158.3816130778467, ""R2_15m"": -1.3571817456384165, ""MAE_30m"": 5.637803554534912, ""RMSE_30m"": 6.644525508889348, ""sMAPE_30m"": 149.8132251420868, ""R2_30m"": -0.7166561794642252, ""MAE_avg"": 7.324215650558472, ""RMSE_avg"": 8.992973090812962, ""sMAPE_avg"": 154.09741910996675, ""R2_avg"": -1.0369189625513209}",9.010627746582031,11.341420672736575,158.3816130778467,-1.3571817456384165,5.637803554534912,6.644525508889348,149.8132251420868,-0.7166561794642252,7.324215650558472,8.992973090812962,154.09741910996675,-1.0369189625513209
684ce2ca-716e-47f0-a3b8-5cc60395f4a2,CNN1D,,"{""filters"": 64, ""kernel_size"": 3, ""dropout"": 0.2, ""lr"": 0.0011114989443094978}","{""MAE_15m"": 869.5968627929688, ""RMSE_15m"": 2255.0434585612757, ""sMAPE_15m"": 64.59782628076361, ""R2_15m"": -0.17267563211025183, ""MAE_30m"": 2509.2275390625, ""RMSE_30m"": 5886.038735856229, ""sMAPE_30m"": 86.09801819241743, ""R2_30m"": -0.22152465469042704, ""MAE_avg"": 1689.4122009277344, ""RMSE_avg"": 4070.5410972087525, ""sMAPE_avg"": 75.34792223659052, ""R2_avg"": -0.19710014340033943}","{""MAE_15m"": 7.726823806762695, ""RMSE_15m"": 8.966274225470027, ""sMAPE_15m"": 74.11592126835465, ""R2_15m"": -0.47326917597878126, ""MAE_30m"": 12.396137237548828, ""RMSE_30m"": 13.27429447921427, ""sMAPE_30m"": 114.22530925730523, ""R2_30m"": -5.851382626404955, ""MAE_avg"": 10.061480522155762, ""RMSE_avg"": 11.120284352342148, ""sMAPE_avg"": 94.17061526282994, ""R2_avg"": -3.162325901191868}",7.726823806762695,8.966274225470027,74.11592126835465,-0.47326917597878126,12.396137237548828,13.27429447921427,114.22530925730523,-5.851382626404955,10.061480522155762,11.120284352342148,94.17061526282994,-3.162325901191868
684ce2ca-716e-47f0-a3b8-5cc60395f4a2,RCNN,,"{""filters"": 64, ""kernel_size"": 7, ""rnn_units"": 64, ""rnn_type"": ""lstm"", ""dropout"": 0.3, ""lr"": 0.002470540427082325}","{""MAE_15m"": 873.8214721679688, ""RMSE_15m"": 2258.29138952439, ""sMAPE_15m"": 96.41030085982828, ""R2_15m"": -0.17605597737039624, ""MAE_30m"": 2509.392822265625, ""RMSE_30m"": 5886.83174551473, ""sMAPE_30m"": 83.08192875258445, ""R2_30m"": -0.22185373931268249, ""MAE_avg"": 1691.6071472167969, ""RMSE_avg"": 4072.56156751956, ""sMAPE_avg"": 89.74611480620636, ""R2_avg"": -0.19895485834153936}","{""MAE_15m"": 6.856203556060791, ""RMSE_15m"": 9.110755567152186, ""sMAPE_15m"": 96.1153182182866, ""R2_15m"": -0.521132009334879, ""MAE_30m"": 4.418297290802002, ""RMSE_30m"": 5.403325872178822, ""sMAPE_30m"": 85.19913031632144, ""R2_30m"": -0.13521385439062605, ""MAE_avg"": 5.6372504234313965, ""RMSE_avg"": 7.257040719665504, ""sMAPE_avg"": 90.65722426730403, ""R2_avg"": -0.32817293186275254}",6.856203556060791,9.110755567152186,96.1153182182866,-0.521132009334879,4.418297290802002,5.403325872178822,85.19913031632144,-0.13521385439062605,5.6372504234313965,7.257040719665504,90.65722426730403,-0.32817293186275254
6bb1fe3b-a775-4cf5-8bbb-6f435814cee5,XGBoost,,"{""n_estimators"": 1200, ""max_depth"": 5, ""learning_rate"": 0.04843658223668321, ""subsample"": 0.9514508026332132, ""colsample_bytree"": 0.9289107397245091, ""min_child_weight"": 4, ""reg_lambda"": 18.936171116194153, ""gamma"": 0.37225310368676695, ""random_state"": 42, ""tree_method"": ""hist"", ""n_jobs"": -1, ""objective"": ""reg:squarederror""}","{""MAE_15m"": 42.926856994628906, ""RMSE_15m"": 58.38558230165325, ""sMAPE_15m"": 40.05155520842402, ""R2_15m"": 0.9999962954514525, ""MAE_30m"": 32.142005920410156, ""RMSE_30m"": 45.32143500269078, ""sMAPE_30m"": 40.037312635972874, ""R2_30m"": 0.9999977641920699, ""MAE_avg"": 37.53443145751953, ""RMSE_avg"": 51.85350865217201, ""sMAPE_avg"": 40.04443392219845, ""R2_avg"": 0.9999970298217612}","{""MAE_15m"": 13062.9443359375, ""RMSE_15m"": 15230.529866028955, ""sMAPE_15m"": 40.53220804602947, ""R2_15m"": 0.6545982104511803, ""MAE_30m"": 15762.912109375, ""RMSE_30m"": 21531.96990523626, ""sMAPE_30m"": 45.7679686041171, ""R2_30m"": 0.4270483755328336, ""MAE_avg"": 14412.92822265625, ""RMSE_avg"": 18381.249885632606, ""sMAPE_avg"": 43.150088325073284, ""R2_avg"": 0.5408232929920069}",13062.9443359375,15230.529866028955,40.53220804602947,0.6545982104511803,15762.912109375,21531.96990523626,45.7679686041171,0.4270483755328336,14412.92822265625,18381.249885632606,43.150088325073284,0.5408232929920069
6bb1fe3b-a775-4cf5-8bbb-6f435814cee5,LSTM,,"{""units"": 96, ""num_layers"": 2, ""dropout"": 0.0, ""lr"": 0.002299958642814372}","{""MAE_15m"": 71252.171875, ""RMSE_15m"": 72737.99557315283, ""sMAPE_15m"": 199.9193687765019, ""R2_15m"": -23.729905428660974, ""MAE_30m"": 75666.0234375, ""RMSE_30m"": 76695.35203648263, ""sMAPE_30m"": 199.92597603563846, ""R2_30m"": -36.50674972019353, ""MAE_avg"": 73459.09765625, ""RMSE_avg"": 74716.67380481772, ""sMAPE_avg"": 199.92267240607018, ""R2_avg"": -30.118327574427255}","{""MAE_15m"": 77757.2890625, ""RMSE_15m"": 78194.05112922593, ""sMAPE_15m"": 199.9289339944829, ""R2_15m"": -88.76494514044404, ""MAE_30m"": 78092.1796875, ""RMSE_30m"": 78602.43253233325, ""sMAPE_30m"": 199.92954604098622, ""R2_30m"": -76.27424989277222, ""MAE_avg"": 77924.734375, ""RMSE_avg"": 78398.24183077959, ""sMAPE_avg"": 199.92924001773457, ""R2_avg"": -82.51959751660813}",77757.2890625,78194.05112922593,199.9289339944829,-88.76494514044404,78092.1796875,78602.43253233325,199.92954604098622,-76.27424989277222,77924.734375,78398.24183077959,199.92924001773457,-82.51959751660813
6bb1fe3b-a775-4cf5-8bbb-6f435814cee5,GRU_LSTM,,"{""gru_units"": 96, ""lstm_units"": 96, ""dropout"": 0.2, ""lr"": 0.002869139536545374}","{""MAE_15m"": 71248.171875, ""RMSE_15m"": 72734.07476554575, ""sMAPE_15m"": 199.8957545261073, ""R2_15m"": -23.72724125538376, ""MAE_30m"": 75664.390625, ""RMSE_30m"": 76693.74316070379, ""sMAPE_30m"": 199.91708178345527, ""R2_30m"": -36.50517465803224, ""MAE_avg"": 73456.28125, ""RMSE_avg"": 74713.90896312476, ""sMAPE_avg"": 199.9064181547813, ""R2_avg"": -30.116207956708}","{""MAE_15m"": 77753.2890625, ""RMSE_15m"": 78190.0732318368, ""sMAPE_15m"": 199.90811751679354, ""R2_15m"": -88.75581387204245, ""MAE_30m"": 78090.546875, ""RMSE_30m"": 78600.81058106208, ""sMAPE_30m"": 199.92107989226622, ""R2_30m"": -76.27106163723998, ""MAE_avg"": 77921.91796875, ""RMSE_avg"": 78395.44190644944, ""sMAPE_avg"": 199.91459870452988, ""R2_avg"": -82.51343775464122}",77753.2890625,78190.0732318368,199.90811751679354,-88.75581387204245,78090.546875,78600.81058106208,199.92107989226622,-76.27106163723998,77921.91796875,78395.44190644944,199.91459870452988,-82.51343775464122
6bb1fe3b-a775-4cf5-8bbb-6f435814cee5,CNN1D,,"{""filters"": 96, ""kernel_size"": 7, ""dropout"": 0.2, ""lr"": 0.002869139536545374}","{""MAE_15m"": 70265.8515625, ""RMSE_15m"": 71852.52095786201, ""sMAPE_15m"": 193.64354024191596, ""R2_15m"": -23.13147161831523, ""MAE_30m"": 74687.953125, ""RMSE_30m"": 75773.42901043875, ""sMAPE_30m"": 194.4637698033141, ""R2_30m"": -35.61046070118396, ""MAE_avg"": 72476.90234375, ""RMSE_avg"": 73812.97498415038, ""sMAPE_avg"": 194.05365502261503, ""R2_avg"": -29.370966159749596}","{""MAE_15m"": 76655.53125, ""RMSE_15m"": 77092.4166439216, ""sMAPE_15m"": 194.320898790989, ""R2_15m"": -86.25346767442163, ""MAE_30m"": 76999.9609375, ""RMSE_30m"": 77517.1450454672, ""sMAPE_30m"": 194.35629316919787, ""R2_30m"": -74.1550861610721, ""MAE_avg"": 76827.74609375, ""RMSE_avg"": 77304.78084469441, ""sMAPE_avg"": 194.33859598009343, ""R2_avg"": -80.20427691774687}",76655.53125,77092.4166439216,194.320898790989,-86.25346767442163,76999.9609375,77517.1450454672,194.35629316919787,-74.1550861610721,76827.74609375,77304.78084469441,194.33859598009343,-80.20427691774687
6bb1fe3b-a775-4cf5-8bbb-6f435814cee5,RCNN,,"{""filters"": 64, ""kernel_size"": 7, ""rnn_units"": 64, ""rnn_type"": ""lstm"", ""dropout"": 0.3, ""lr"": 0.002470540427082325}","{""MAE_15m"": 71256.2578125, ""RMSE_15m"": 72741.99359379697, ""sMAPE_15m"": 199.94347336261677, ""R2_15m"": -23.732625460214646, ""MAE_30m"": 75668.6796875, ""RMSE_30m"": 76697.97222873627, ""sMAPE_30m"": 199.9404172253188, ""R2_30m"": -36.50930878812, ""MAE_avg"": 73462.46875, ""RMSE_avg"": 74719.98291126662, ""sMAPE_avg"": 199.9419452939678, ""R2_avg"": -30.120967124167322}","{""MAE_15m"": 77761.359375, ""RMSE_15m"": 78198.1106677137, ""sMAPE_15m"": 199.9501728420418, ""R2_15m"": -88.77426401405137, ""MAE_30m"": 78094.8359375, ""RMSE_30m"": 78605.06731757184, ""sMAPE_30m"": 199.94333007447824, ""R2_30m"": -76.27944304846926, ""MAE_avg"": 77928.09765625, ""RMSE_avg"": 78401.58899264276, ""sMAPE_avg"": 199.94675145826002, ""R2_avg"": -82.52685353126031}",77761.359375,78198.1106677137,199.9501728420418,-88.77426401405137,78094.8359375,78605.06731757184,199.94333007447824,-76.27944304846926,77928.09765625,78401.58899264276,199.94675145826002,-82.52685353126031
724f4c96-2c07-49af-a06e-17bdefdc7db9,XGBoost,,"{""n_estimators"": 1200, ""max_depth"": 2, ""learning_rate"": 0.024795758443471056, ""subsample"": 0.6039698962347249, ""colsample_bytree"": 0.8604063212686378, ""min_child_weight"": 6, ""reg_lambda"": 19.90331362835953, ""gamma"": 3.479312489737048, ""random_state"": 42, ""tree_method"": ""hist"", ""n_jobs"": -1, ""objective"": ""reg:squarederror""}","{""MAE_15m"": 2644.16259765625, ""RMSE_15m"": 3577.161584273207, ""sMAPE_15m"": 0.29099423326748053, ""R2_15m"": 0.8035332628809079, ""MAE_30m"": 6176.203125, ""RMSE_30m"": 11758.790413983914, ""sMAPE_30m"": 0.7158941927271443, ""R2_30m"": 0.847198458883262, ""MAE_avg"": 4410.182861328125, ""RMSE_avg"": 7667.975999128561, ""sMAPE_avg"": 0.5034442129973125, ""R2_avg"": 0.8253658608820849}","{""MAE_15m"": 151621.78125, ""RMSE_15m"": 152035.73474680222, ""sMAPE_15m"": 24.65983151916519, ""R2_15m"": -13.078055732767123, ""MAE_30m"": 188057.609375, ""RMSE_30m"": 190461.1505163192, ""sMAPE_30m"": 29.8433954253967, ""R2_30m"": -2669.670877662407, ""MAE_avg"": 169839.6953125, ""RMSE_avg"": 171248.44263156073, ""sMAPE_avg"": 27.251613472280944, ""R2_avg"": -1341.374466697587}",151621.78125,152035.73474680222,24.65983151916519,-13.078055732767123,188057.609375,190461.1505163192,29.8433954253967,-2669.670877662407,169839.6953125,171248.44263156073,27.251613472280944,-1341.374466697587
724f4c96-2c07-49af-a06e-17bdefdc7db9,LSTM,,"{""units"": 96, ""num_layers"": 2, ""dropout"": 0.0, ""lr"": 0.002299958642814372}","{""MAE_15m"": 858047.0625, ""RMSE_15m"": 865055.9331187782, ""sMAPE_15m"": 199.99329415426413, ""R2_15m"": -60.96194626470546, ""MAE_30m"": 824378.0625, ""RMSE_30m"": 836548.0712929772, ""sMAPE_30m"": 199.99259608914335, ""R2_30m"": -33.621194332097424, ""MAE_avg"": 841212.5625, ""RMSE_avg"": 850802.0022058777, ""sMAPE_avg"": 199.99294512170374, ""R2_avg"": -47.29157029840144}","{""MAE_15m"": 535497.8125, ""RMSE_15m"": 535505.7417880783, ""sMAPE_15m"": 199.9895184384469, ""R2_15m"": -33818.28566585816, ""MAE_30m"": 534359.9375, ""RMSE_30m"": 534369.0798240482, ""sMAPE_30m"": 199.98904083909207, ""R2_30m"": -29217.88437140268, ""MAE_avg"": 534928.875, ""RMSE_avg"": 534937.4108060633, ""sMAPE_avg"": 199.9892796387695, ""R2_avg"": -31518.08501863042}",535497.8125,535505.7417880783,199.9895184384469,-33818.28566585816,534359.9375,534369.0798240482,199.98904083909207,-29217.88437140268,534928.875,534937.4108060633,199.9892796387695,-31518.08501863042
724f4c96-2c07-49af-a06e-17bdefdc7db9,GRU_LSTM,,"{""gru_units"": 96, ""lstm_units"": 96, ""dropout"": 0.2, ""lr"": 0.002869139536545374}","{""MAE_15m"": 858047.0625, ""RMSE_15m"": 865055.9331187782, ""sMAPE_15m"": 199.99329131049583, ""R2_15m"": -60.96194626470546, ""MAE_30m"": 824377.625, ""RMSE_30m"": 836547.6404174481, ""sMAPE_30m"": 199.9923804097486, ""R2_30m"": -33.62115896261136, ""MAE_avg"": 841212.34375, ""RMSE_avg"": 850801.7867681131, ""sMAPE_avg"": 199.99283586012223, ""R2_avg"": -47.29155261365841}","{""MAE_15m"": 535499.25, ""RMSE_15m"": 535507.1797688617, ""sMAPE_15m"": 199.99058613181157, ""R2_15m"": -33818.46407396428, ""MAE_30m"": 534360.3125, ""RMSE_30m"": 534369.4784098358, ""sMAPE_30m"": 199.98932733703174, ""R2_30m"": -29217.926563064655, ""MAE_avg"": 534929.78125, ""RMSE_avg"": 534938.3290893488, ""sMAPE_avg"": 199.98995673442164, ""R2_avg"": -31518.195318514467}",535499.25,535507.1797688617,199.99058613181157,-33818.46407396428,534360.3125,534369.4784098358,199.98932733703174,-29217.926563064655,534929.78125,534938.3290893488,199.98995673442164,-31518.195318514467
724f4c96-2c07-49af-a06e-17bdefdc7db9,CNN1D,,"{""filters"": 96, ""kernel_size"": 7, ""dropout"": 0.2, ""lr"": 0.002869139536545374}","{""MAE_15m"": 856312.8125, ""RMSE_15m"": 863333.0806774405, ""sMAPE_15m"": 199.16823242157045, ""R2_15m"": -60.7153864311319, ""MAE_30m"": 822026.0625, ""RMSE_30m"": 834232.6720046393, ""sMAPE_30m"": 198.80654877711393, ""R2_30m"": -33.429808274531226, ""MAE_avg"": 839169.4375, ""RMSE_avg"": 848782.8763410399, ""sMAPE_avg"": 198.98739059934218, ""R2_avg"": -47.072597352831565}","{""MAE_15m"": 534827.125, ""RMSE_15m"": 534834.1498745196, ""sMAPE_15m"": 199.4903356118919, ""R2_15m"": -33733.506713494935, ""MAE_30m"": 533438.75, ""RMSE_30m"": 533447.7052832827, ""sMAPE_30m"": 199.30175420048232, ""R2_30m"": -29117.213948273136, ""MAE_avg"": 534132.9375, ""RMSE_avg"": 534140.9275789012, ""sMAPE_avg"": 199.39604490618711, ""R2_avg"": -31425.360330884036}",534827.125,534834.1498745196,199.4903356118919,-33733.506713494935,533438.75,533447.7052832827,199.30175420048232,-29117.213948273136,534132.9375,534140.9275789012,199.39604490618711,-31425.360330884036
724f4c96-2c07-49af-a06e-17bdefdc7db9,RCNN,,"{""filters"": 64, ""kernel_size"": 7, ""rnn_units"": 64, ""rnn_type"": ""lstm"", ""dropout"": 0.3, ""lr"": 0.002470540427082325}","{""MAE_15m"": 858050.1875, ""RMSE_15m"": 865059.0771224819, ""sMAPE_15m"": 199.99480379034688, ""R2_15m"": -60.962397894154364, ""MAE_30m"": 824382.625, ""RMSE_30m"": 836552.4975469263, ""sMAPE_30m"": 199.99488943231876, ""R2_30m"": -33.6215614378882, ""MAE_avg"": 841216.40625, ""RMSE_avg"": 850805.7873347041, ""sMAPE_avg"": 199.99484661133283, ""R2_avg"": -47.29197966602128}","{""MAE_15m"": 535500.9375, ""RMSE_15m"": 535508.8931026263, ""sMAPE_15m"": 199.99187900612168, ""R2_15m"": -33818.682736606985, ""MAE_30m"": 534364.4375, ""RMSE_30m"": 534373.5255717671, ""sMAPE_30m"": 199.99242727470656, ""R2_30m"": -29218.376700597368, ""MAE_avg"": 534932.6875, ""RMSE_avg"": 534941.2093371968, ""sMAPE_avg"": 199.99215314041413, ""R2_avg"": -31518.529718602178}",535500.9375,535508.8931026263,199.99187900612168,-33818.682736606985,534364.4375,534373.5255717671,199.99242727470656,-29218.376700597368,534932.6875,534941.2093371968,199.99215314041413,-31518.529718602178
76181b84-517a-4e3d-bd31-809ba092395a,XGBoost,,"{""n_estimators"": 400, ""max_depth"": 7, ""learning_rate"": 0.015026766283705782, ""subsample"": 0.8379116554674189, ""colsample_bytree"": 0.9060313652950324, ""min_child_weight"": 1, ""reg_lambda"": 0.04484842616274591, ""gamma"": 2.9091454234453553, ""random_state"": 42, ""tree_method"": ""hist"", ""n_jobs"": -1, ""objective"": ""reg:squarederror""}","{""MAE_15m"": 147.0110321044922, ""RMSE_15m"": 194.45939687052925, ""sMAPE_15m"": 0.03029512679322061, ""R2_15m"": 0.9954180136067499, ""MAE_30m"": 151.7003631591797, ""RMSE_30m"": 182.7590947634344, ""sMAPE_30m"": 0.031286971911379594, ""R2_30m"": 0.9965746110333621, ""MAE_avg"": 149.35569763183594, ""RMSE_avg"": 188.60924581698183, ""sMAPE_avg"": 0.0307910493523001, ""R2_avg"": 0.9959963123200559}","{""MAE_15m"": 3480.04638671875, ""RMSE_15m"": 4115.5271837274995, ""sMAPE_15m"": 0.7217990169435231, ""R2_15m"": 0.2815725308753131, ""MAE_30m"": 4255.1611328125, ""RMSE_30m"": 5026.547125015342, ""sMAPE_30m"": 0.8811537149528244, ""R2_30m"": 0.0784095524554681, ""MAE_avg"": 3867.603759765625, ""RMSE_avg"": 4571.037154371421, ""sMAPE_avg"": 0.8014763659481737, ""R2_avg"": 0.1799910416653906}",3480.04638671875,4115.5271837274995,0.7217990169435231,0.2815725308753131,4255.1611328125,5026.547125015342,0.8811537149528244,0.0784095524554681,3867.603759765625,4571.037154371421,0.8014763659481737,0.1799910416653906
76181b84-517a-4e3d-bd31-809ba092395a,LSTM,,"{""units"": 96, ""num_layers"": 2, ""dropout"": 0.0, ""lr"": 0.002299958642814372}","{""MAE_15m"": 482725.8125, ""RMSE_15m"": 482727.67802975624, ""sMAPE_15m"": 199.9878272780925, ""R2_15m"": -127075.98602109765, ""MAE_30m"": 482574.8125, ""RMSE_30m"": 482576.8739755356, ""sMAPE_30m"": 199.98943724964195, ""R2_30m"": -116789.708381367, ""MAE_avg"": 482650.3125, ""RMSE_avg"": 482652.27600264596, ""sMAPE_avg"": 199.98863226386723, ""R2_avg"": -121932.84720123233}","{""MAE_15m"": 484261.65625, ""RMSE_15m"": 484311.99834817223, ""sMAPE_15m"": 199.98786371812304, ""R2_15m"": -4806.888258445717, ""MAE_30m"": 485781.0, ""RMSE_30m"": 485832.3761628078, ""sMAPE_30m"": 199.98950476663714, ""R2_30m"": -4728.675949025965, ""MAE_avg"": 485021.328125, ""RMSE_avg"": 485072.18725549, ""sMAPE_avg"": 199.9886842423801, ""R2_avg"": -4767.782103735841}",484261.65625,484311.99834817223,199.98786371812304,-4806.888258445717,485781.0,485832.3761628078,199.98950476663714,-4728.675949025965,485021.328125,485072.18725549,199.9886842423801,-4767.782103735841
76181b84-517a-4e3d-bd31-809ba092395a,GRU_LSTM,,"{""gru_units"": 96, ""lstm_units"": 96, ""dropout"": 0.2, ""lr"": 0.002869139536545374}","{""MAE_15m"": 482725.34375, ""RMSE_15m"": 482727.2707440507, ""sMAPE_15m"": 199.98750650575198, ""R2_15m"": -127075.77694792162, ""MAE_30m"": 482572.5, ""RMSE_30m"": 482574.56529742636, ""sMAPE_30m"": 199.98751946396212, ""R2_30m"": -116788.58762919148, ""MAE_avg"": 482648.921875, ""RMSE_avg"": 482650.9180207385, ""sMAPE_avg"": 199.98751298485706, ""R2_avg"": -121932.18228855655}","{""MAE_15m"": 484261.25, ""RMSE_15m"": 484311.62622427306, ""sMAPE_15m"": 199.98754364289755, ""R2_15m"": -4806.880467111687, ""MAE_30m"": 485778.6875, ""RMSE_30m"": 485830.0492312101, ""sMAPE_30m"": 199.98759916796072, ""R2_30m"": -4728.630905483662, ""MAE_avg"": 485019.96875, ""RMSE_avg"": 485070.8377277416, ""sMAPE_avg"": 199.98757140542915, ""R2_avg"": -4767.755686297674}",484261.25,484311.62622427306,199.98754364289755,-4806.880467111687,485778.6875,485830.0492312101,199.98759916796072,-4728.630905483662,485019.96875,485070.8377277416,199.98757140542915,-4767.755686297674
76181b84-517a-4e3d-bd31-809ba092395a,CNN1D,,"{""filters"": 96, ""kernel_size"": 7, ""dropout"": 0.2, ""lr"": 0.002869139536545374}","{""MAE_15m"": 482075.84375, ""RMSE_15m"": 482077.5179491365, ""sMAPE_15m"": 199.45031981925757, ""R2_15m"": -126733.90745959157, ""MAE_30m"": 481961.40625, ""RMSE_30m"": 481963.174692839, ""sMAPE_30m"": 199.4819825712993, ""R2_30m"": -116492.85777636521, ""MAE_avg"": 482018.625, ""RMSE_avg"": 482020.34632098774, ""sMAPE_avg"": 199.46615119527843, ""R2_avg"": -121613.3826179784}","{""MAE_15m"": 483188.90625, ""RMSE_15m"": 483242.80605095404, ""sMAPE_15m"": 199.10120489350604, ""R2_15m"": -4785.683471215041, ""MAE_30m"": 484770.75, ""RMSE_30m"": 484825.3078542827, ""sMAPE_30m"": 199.1569382414434, ""R2_30m"": -4709.088442916064, ""MAE_avg"": 483979.828125, ""RMSE_avg"": 484034.0569526184, ""sMAPE_avg"": 199.12907156747474, ""R2_avg"": -4747.385957065553}",483188.90625,483242.80605095404,199.10120489350604,-4785.683471215041,484770.75,484825.3078542827,199.1569382414434,-4709.088442916064,483979.828125,484034.0569526184,199.12907156747474,-4747.385957065553
76181b84-517a-4e3d-bd31-809ba092395a,RCNN,,"{""filters"": 64, ""kernel_size"": 7, ""rnn_units"": 64, ""rnn_type"": ""lstm"", ""dropout"": 0.3, ""lr"": 0.002470540427082325}","{""MAE_15m"": 482731.0625, ""RMSE_15m"": 482732.9727126582, ""sMAPE_15m"": 199.99223733362595, ""R2_15m"": -127078.7852786211, ""MAE_30m"": 482576.0, ""RMSE_30m"": 482578.0792369251, ""sMAPE_30m"": 199.9904077953009, ""R2_30m"": -116790.28272577366, ""MAE_avg"": 482653.53125, ""RMSE_avg"": 482655.5259747916, ""sMAPE_avg"": 199.99132256446342, ""R2_avg"": -121934.53400219738}","{""MAE_15m"": 484267.0, ""RMSE_15m"": 484317.30953993375, ""sMAPE_15m"": 199.99226191257057, ""R2_15m"": -4806.993710121819, ""MAE_30m"": 485782.1875, ""RMSE_30m"": 485833.55648616946, ""sMAPE_30m"": 199.99047236121706, ""R2_30m"": -4728.69906174738, ""MAE_avg"": 485024.59375, ""RMSE_avg"": 485075.43301305163, ""sMAPE_avg"": 199.9913671368938, ""R2_avg"": -4767.846385934599}",484267.0,484317.30953993375,199.99226191257057,-4806.993710121819,485782.1875,485833.55648616946,199.99047236121706,-4728.69906174738,485024.59375,485075.43301305163,199.9913671368938,-4767.846385934599
788824e1-39d8-468d-baa1-c0649a20fb08,XGBoost,,"{""n_estimators"": 600, ""max_depth"": 7, ""learning_rate"": 0.018187859051288217, ""subsample"": 0.8056937753654446, ""colsample_bytree"": 0.836965827544817, ""min_child_weight"": 1, ""reg_lambda"": 1.0128002032729382, ""gamma"": 0.8526206184364576, ""random_state"": 42, ""tree_method"": ""hist"", ""n_jobs"": -1, ""objective"": ""reg:squarederror""}","{""MAE_15m"": 17.829051971435547, ""RMSE_15m"": 25.582628602832603, ""sMAPE_15m"": 0.159181430941478, ""R2_15m"": 0.9995599665832655, ""MAE_30m"": 32.197898864746094, ""RMSE_30m"": 44.23601280745771, ""sMAPE_30m"": 0.2933505170156379, ""R2_30m"": 0.9986799492545287, ""MAE_avg"": 25.01347541809082, ""RMSE_avg"": 34.909320705145156, ""sMAPE_avg"": 0.22626597397855797, ""R2_avg"": 0.9991199579188972}","{""MAE_15m"": 2575.429443359375, ""RMSE_15m"": 3501.771694442686, ""sMAPE_15m"": 20.370712989513564, ""R2_15m"": -0.5763106830501352, ""MAE_30m"": 2477.937744140625, ""RMSE_30m"": 3359.5410400827077, ""sMAPE_30m"": 20.54301764238444, ""R2_30m"": -0.12211974783501622, ""MAE_avg"": 2526.68359375, ""RMSE_avg"": 3430.656367262697, ""sMAPE_avg"": 20.456865315949003, ""R2_avg"": -0.3492152154425757}",2575.429443359375,3501.771694442686,20.370712989513564,-0.5763106830501352,2477.937744140625,3359.5410400827077,20.54301764238444,-0.12211974783501622,2526.68359375,3430.656367262697,20.456865315949003,-0.3492152154425757
788824e1-39d8-468d-baa1-c0649a20fb08,LSTM,,"{""units"": 96, ""num_layers"": 2, ""dropout"": 0.0, ""lr"": 0.002299958642814372}","{""MAE_15m"": 9221.5166015625, ""RMSE_15m"": 9787.691454066173, ""sMAPE_15m"": 190.60901029191604, ""R2_15m"": -7.875380967500936, ""MAE_30m"": 8769.5478515625, ""RMSE_30m"": 9856.391226001533, ""sMAPE_30m"": 173.48659284653746, ""R2_30m"": -3.791471982056521, ""MAE_avg"": 8995.5322265625, ""RMSE_avg"": 9822.041340033853, ""sMAPE_avg"": 182.04780156922675, ""R2_avg"": -5.8334264747787286}","{""MAE_15m"": 11081.1806640625, ""RMSE_15m"": 11208.218056408432, ""sMAPE_15m"": 199.49325976132874, ""R2_15m"": -43.36564496386313, ""MAE_30m"": 10224.6455078125, ""RMSE_30m"": 10439.65516671887, ""sMAPE_30m"": 199.4105431012411, ""R2_30m"": -23.52985392372488, ""MAE_avg"": 10652.9130859375, ""RMSE_avg"": 10823.936611563651, ""sMAPE_avg"": 199.4519014312849, ""R2_avg"": -33.44774944379401}",11081.1806640625,11208.218056408432,199.49325976132874,-43.36564496386313,10224.6455078125,10439.65516671887,199.4105431012411,-23.52985392372488,10652.9130859375,10823.936611563651,199.4519014312849,-33.44774944379401
788824e1-39d8-468d-baa1-c0649a20fb08,GRU_LSTM,,"{""gru_units"": 96, ""lstm_units"": 96, ""dropout"": 0.2, ""lr"": 0.002869139536545374}","{""MAE_15m"": 9220.037109375, ""RMSE_15m"": 9785.995708153565, ""sMAPE_15m"": 191.29737610913472, ""R2_15m"": -7.872306691379473, ""MAE_30m"": 8769.1650390625, ""RMSE_30m"": 9855.9740259398, ""sMAPE_30m"": 173.39279955117456, ""R2_30m"": -3.7910664034522847, ""MAE_avg"": 8994.60107421875, ""RMSE_avg"": 9820.984867046682, ""sMAPE_avg"": 182.34508783015463, ""R2_avg"": -5.831686547415879}","{""MAE_15m"": 11079.4091796875, ""RMSE_15m"": 11206.472772465027, ""sMAPE_15m"": 199.4280154985004, ""R2_15m"": -43.35183327780094, ""MAE_30m"": 10224.1787109375, ""RMSE_30m"": 10439.198053490507, ""sMAPE_30m"": 199.39155002357268, ""R2_30m"": -23.527705080482395, ""MAE_avg"": 10651.7939453125, ""RMSE_avg"": 10822.835412977767, ""sMAPE_avg"": 199.40978276103652, ""R2_avg"": -33.43976917914167}",11079.4091796875,11206.472772465027,199.4280154985004,-43.35183327780094,10224.1787109375,10439.198053490507,199.39155002357268,-23.527705080482395,10651.7939453125,10822.835412977767,199.40978276103652,-33.43976917914167
788824e1-39d8-468d-baa1-c0649a20fb08,CNN1D,,"{""filters"": 96, ""kernel_size"": 7, ""dropout"": 0.2, ""lr"": 0.002869139536545374}","{""MAE_15m"": 7710.4970703125, ""RMSE_15m"": 8180.452799203721, ""sMAPE_15m"": 147.58736212350195, ""R2_15m"": -5.199850323929165, ""MAE_30m"": 7659.30029296875, ""RMSE_30m"": 8571.783945014013, ""sMAPE_30m"": 158.62100514001986, ""R2_30m"": -2.623893990331577, ""MAE_avg"": 7684.898681640625, ""RMSE_avg"": 8376.118372108867, ""sMAPE_avg"": 153.10418363176092, ""R2_avg"": -3.9118721571303707}","{""MAE_15m"": 9000.1865234375, ""RMSE_15m"": 9227.277821763037, ""sMAPE_15m"": 135.05089967960043, ""R2_15m"": -29.069130061451187, ""MAE_30m"": 8555.5771484375, ""RMSE_30m"": 8815.628848811637, ""sMAPE_30m"": 142.2541008322998, ""R2_30m"": -16.491588532783595, ""MAE_avg"": 8777.8818359375, ""RMSE_avg"": 9021.453335287337, ""sMAPE_avg"": 138.65250025595012, ""R2_avg"": -22.780359297117393}",9000.1865234375,9227.277821763037,135.05089967960043,-29.069130061451187,8555.5771484375,8815.628848811637,142.2541008322998,-16.491588532783595,8777.8818359375,9021.453335287337,138.65250025595012,-22.780359297117393
788824e1-39d8-468d-baa1-c0649a20fb08,RCNN,,"{""filters"": 64, ""kernel_size"": 7, ""rnn_units"": 64, ""rnn_type"": ""lstm"", ""dropout"": 0.3, ""lr"": 0.002470540427082325}","{""MAE_15m"": 9222.9453125, ""RMSE_15m"": 9789.333378734224, ""sMAPE_15m"": 189.7357356956285, ""R2_15m"": -7.878360618191895, ""MAE_30m"": 8773.203125, ""RMSE_30m"": 9860.366727459988, ""sMAPE_30m"": 174.26398035537767, ""R2_30m"": -3.7953377243574566, ""MAE_avg"": 8998.07421875, ""RMSE_avg"": 9824.850053097107, ""sMAPE_avg"": 181.9998580255031, ""R2_avg"": -5.836849171274675}","{""MAE_15m"": 11082.9248046875, ""RMSE_15m"": 11209.941302254887, ""sMAPE_15m"": 199.55725588234841, ""R2_15m"": -43.379293724627345, ""MAE_30m"": 10229.11328125, ""RMSE_30m"": 10444.030256562837, ""sMAPE_30m"": 199.59287368366222, ""R2_30m"": -23.550419633468366, ""MAE_avg"": 10656.01904296875, ""RMSE_avg"": 10826.985779408862, ""sMAPE_avg"": 199.5750647830053, ""R2_avg"": -33.464856679047855}",11082.9248046875,11209.941302254887,199.55725588234841,-43.379293724627345,10229.11328125,10444.030256562837,199.59287368366222,-23.550419633468366,10656.01904296875,10826.985779408862,199.5750647830053,-33.464856679047855
78b7fd45-e3a6-41e9-b841-d3ac63af2704,SKIPPED_INACTIVE_OP,OP_STATUS_true_ratio=0.000 < 0.05,,,,,,,,,,,,,,,
79e54d03-0f0f-41f8-a6a8-d6e2dbf7e012,XGBoost,,"{""n_estimators"": 600, ""max_depth"": 3, ""learning_rate"": 0.12892387929736615, ""subsample"": 0.6653214663883559, ""colsample_bytree"": 0.9605774125153996, ""min_child_weight"": 8, ""reg_lambda"": 0.04231548305662212, ""gamma"": 3.5580936497837374, ""random_state"": 42, ""tree_method"": ""hist"", ""n_jobs"": -1, ""objective"": ""reg:squarederror""}","{""MAE_15m"": 4.532446384429932, ""RMSE_15m"": 6.154905840527678, ""sMAPE_15m"": 0.057497541687708126, ""R2_15m"": 0.9999957020606822, ""MAE_30m"": 3.8756103515625, ""RMSE_30m"": 5.175795437775366, ""sMAPE_30m"": 0.04554290082854338, ""R2_30m"": 0.9999969844648361, ""MAE_avg"": 4.204028367996216, ""RMSE_avg"": 5.665350639151522, ""sMAPE_avg"": 0.05152022125812575, ""R2_avg"": 0.9999963432627592}","{""MAE_15m"": 2775.865966796875, ""RMSE_15m"": 3516.052758421011, ""sMAPE_15m"": 29.02228831216688, ""R2_15m"": -0.0132812024785125, ""MAE_30m"": 2506.311279296875, ""RMSE_30m"": 3137.1072662566066, ""sMAPE_30m"": 26.891806704028266, ""R2_30m"": 0.17046142125670083, ""MAE_avg"": 2641.088623046875, ""RMSE_avg"": 3326.580012338809, ""sMAPE_avg"": 27.957047508097574, ""R2_avg"": 0.07859010938909416}",2775.865966796875,3516.052758421011,29.02228831216688,-0.0132812024785125,2506.311279296875,3137.1072662566066,26.891806704028266,0.17046142125670083,2641.088623046875,3326.580012338809,27.957047508097574,0.07859010938909416
79e54d03-0f0f-41f8-a6a8-d6e2dbf7e012,LSTM,,"{""units"": 96, ""num_layers"": 2, ""dropout"": 0.0, ""lr"": 0.002299958642814372}","{""MAE_15m"": 11200.3662109375, ""RMSE_15m"": 11466.076922818895, ""sMAPE_15m"": 199.51288311464515, ""R2_15m"": -20.82922654376976, ""MAE_30m"": 10850.0966796875, ""RMSE_30m"": 11035.791589188335, ""sMAPE_30m"": 199.5323868238376, ""R2_30m"": -28.96698104704159, ""MAE_avg"": 11025.2314453125, ""RMSE_avg"": 11250.934256003615, ""sMAPE_avg"": 199.52263496924138, ""R2_avg"": -24.898103795405675}","{""MAE_15m"": 12026.4716796875, ""RMSE_15m"": 12183.367022297243, ""sMAPE_15m"": 199.55809647198376, ""R2_15m"": -38.078385156904645, ""MAE_30m"": 11691.234375, ""RMSE_30m"": 11870.096208540182, ""sMAPE_30m"": 199.56700707458214, ""R2_30m"": -32.43412041400609, ""MAE_avg"": 11858.85302734375, ""RMSE_avg"": 12026.731615418714, ""sMAPE_avg"": 199.56255177328296, ""R2_avg"": -35.25625278545537}",12026.4716796875,12183.367022297243,199.55809647198376,-38.078385156904645,11691.234375,11870.096208540182,199.56700707458214,-32.43412041400609,11858.85302734375,12026.731615418714,199.56255177328296,-35.25625278545537
79e54d03-0f0f-41f8-a6a8-d6e2dbf7e012,GRU_LSTM,,"{""gru_units"": 96, ""lstm_units"": 96, ""dropout"": 0.2, ""lr"": 0.002869139536545374}","{""MAE_15m"": 11197.056640625, ""RMSE_15m"": 11462.842928348971, ""sMAPE_15m"": 199.38864018280412, ""R2_15m"": -20.81691361644292, ""MAE_30m"": 10847.6728515625, ""RMSE_30m"": 11033.407814451526, ""sMAPE_30m"": 199.44008576918256, ""R2_30m"": -28.954037366089754, ""MAE_avg"": 11022.36474609375, ""RMSE_avg"": 11248.125371400249, ""sMAPE_avg"": 199.41436297599336, ""R2_avg"": -24.885475491266337}","{""MAE_15m"": 12023.1611328125, ""RMSE_15m"": 12180.098521769025, ""sMAPE_15m"": 199.44534899963256, ""R2_15m"": -38.05741795410503, ""MAE_30m"": 11688.80859375, ""RMSE_30m"": 11867.708793191718, ""sMAPE_30m"": 199.48151304137053, ""R2_30m"": -32.42066901475642, ""MAE_avg"": 11855.98486328125, ""RMSE_avg"": 12023.903657480372, ""sMAPE_avg"": 199.46343102050156, ""R2_avg"": -35.239043484430724}",12023.1611328125,12180.098521769025,199.44534899963256,-38.05741795410503,11688.80859375,11867.708793191718,199.48151304137053,-32.42066901475642,11855.98486328125,12023.903657480372,199.46343102050156,-35.239043484430724
79e54d03-0f0f-41f8-a6a8-d6e2dbf7e012,CNN1D,,"{""filters"": 96, ""kernel_size"": 7, ""dropout"": 0.2, ""lr"": 0.002869139536545374}","{""MAE_15m"": 8660.3740234375, ""RMSE_15m"": 8951.575950635732, ""sMAPE_15m"": 124.33165146855663, ""R2_15m"": -12.304778175653654, ""MAE_30m"": 8309.173828125, ""RMSE_30m"": 8609.654580759905, ""sMAPE_30m"": 122.22168214880097, ""R2_30m"": -17.239270930586134, ""MAE_avg"": 8484.77392578125, ""RMSE_avg"": 8780.61526569782, ""sMAPE_avg"": 123.2766668086788, ""R2_avg"": -14.772024553119895}","{""MAE_15m"": 8518.9267578125, ""RMSE_15m"": 8686.896799202808, ""sMAPE_15m"": 109.3328262453712, ""R2_15m"": -18.866956458777214, ""MAE_30m"": 8183.12939453125, ""RMSE_30m"": 8434.964848770858, ""sMAPE_30m"": 106.61317024464756, ""R2_30m"": -15.882936132658266, ""MAE_avg"": 8351.028076171875, ""RMSE_avg"": 8560.930823986833, ""sMAPE_avg"": 107.97299824500938, ""R2_avg"": -17.37494629571774}",8518.9267578125,8686.896799202808,109.3328262453712,-18.866956458777214,8183.12939453125,8434.964848770858,106.61317024464756,-15.882936132658266,8351.028076171875,8560.930823986833,107.97299824500938,-17.37494629571774
79e54d03-0f0f-41f8-a6a8-d6e2dbf7e012,RCNN,,"{""filters"": 64, ""kernel_size"": 7, ""rnn_units"": 64, ""rnn_type"": ""lstm"", ""dropout"": 0.3, ""lr"": 0.002470540427082325}","{""MAE_15m"": 11203.5517578125, ""RMSE_15m"": 11469.187939867408, ""sMAPE_15m"": 199.63249824375208, ""R2_15m"": -20.841075348387253, ""MAE_30m"": 10852.6181640625, ""RMSE_30m"": 11038.271966209204, ""sMAPE_30m"": 199.6284689901625, ""R2_30m"": -28.98045227457022, ""MAE_avg"": 11028.0849609375, ""RMSE_avg"": 11253.729953038306, ""sMAPE_avg"": 199.6304836169573, ""R2_avg"": -24.910763811478738}","{""MAE_15m"": 12029.65625, ""RMSE_15m"": 12186.508605831286, ""sMAPE_15m"": 199.66655866600644, ""R2_15m"": -38.09854306660597, ""MAE_30m"": 11693.7548828125, ""RMSE_30m"": 11872.579500681391, ""sMAPE_30m"": 199.65594265255166, ""R2_30m"": -32.4481122041701, ""MAE_avg"": 11861.70556640625, ""RMSE_avg"": 12029.544053256339, ""sMAPE_avg"": 199.66125065927906, ""R2_avg"": -35.273327635388036}",12029.65625,12186.508605831286,199.66655866600644,-38.09854306660597,11693.7548828125,11872.579500681391,199.65594265255166,-32.4481122041701,11861.70556640625,12029.544053256339,199.66125065927906,-35.273327635388036
7ceee0a4-350f-401d-82a8-2bda9832268e,XGBoost,,"{""n_estimators"": 400, ""max_depth"": 8, ""learning_rate"": 0.1253266491347137, ""subsample"": 0.7845619357947551, ""colsample_bytree"": 0.7078824371352161, ""min_child_weight"": 1, ""reg_lambda"": 0.3245973094507874, ""gamma"": 2.4268795656187336, ""random_state"": 42, ""tree_method"": ""hist"", ""n_jobs"": -1, ""objective"": ""reg:squarederror""}","{""MAE_15m"": 0.3505602478981018, ""RMSE_15m"": 0.44726274314518316, ""sMAPE_15m"": 0.0034686385700961994, ""R2_15m"": 0.9999999508509176, ""MAE_30m"": 0.44906455278396606, ""RMSE_30m"": 0.5875276731507297, ""sMAPE_30m"": 0.004570131578808949, ""R2_30m"": 0.9999999193191641, ""MAE_avg"": 0.39981240034103394, ""RMSE_avg"": 0.5173952081479565, ""sMAPE_avg"": 0.004019385074452575, ""R2_avg"": 0.9999999350850408}","{""MAE_15m"": 2288.2734375, ""RMSE_15m"": 2706.7563614038113, ""sMAPE_15m"": 20.993989105428952, ""R2_15m"": -0.4802708784778036, ""MAE_30m"": 1954.7109375, ""RMSE_30m"": 2439.8100335886807, ""sMAPE_30m"": 17.950629510303074, ""R2_30m"": -0.6209246916030429, ""MAE_avg"": 2121.4921875, ""RMSE_avg"": 2573.283197496246, ""sMAPE_avg"": 19.472309307866013, ""R2_avg"": -0.5505977850404232}",2288.2734375,2706.7563614038113,20.993989105428952,-0.4802708784778036,1954.7109375,2439.8100335886807,17.950629510303074,-0.6209246916030429,2121.4921875,2573.283197496246,19.472309307866013,-0.5505977850404232
7ceee0a4-350f-401d-82a8-2bda9832268e,LSTM,,"{""units"": 96, ""num_layers"": 2, ""dropout"": 0.0, ""lr"": 0.002299958642814372}","{""MAE_15m"": 10713.7734375, ""RMSE_15m"": 10907.635490792676, ""sMAPE_15m"": 199.44905732664228, ""R2_15m"": -27.384655427887058, ""MAE_30m"": 10623.1318359375, ""RMSE_30m"": 10844.32312318293, ""sMAPE_30m"": 199.427282244021, ""R2_30m"": -23.766018586384543, ""MAE_avg"": 10668.45263671875, ""RMSE_avg"": 10875.979306987803, ""sMAPE_avg"": 199.43816978533164, ""R2_avg"": -25.5753370071358}","{""MAE_15m"": 11231.21484375, ""RMSE_15m"": 11406.76255560709, ""sMAPE_15m"": 199.47750679393727, ""R2_15m"": -31.74113272396835, ""MAE_30m"": 11800.2197265625, ""RMSE_30m"": 11893.865982093459, ""sMAPE_30m"": 199.50059283583823, ""R2_30m"": -62.755882053373924, ""MAE_avg"": 11515.71728515625, ""RMSE_avg"": 11650.314268850274, ""sMAPE_avg"": 199.48904981488775, ""R2_avg"": -47.248507388671136}",11231.21484375,11406.76255560709,199.47750679393727,-31.74113272396835,11800.2197265625,11893.865982093459,199.50059283583823,-62.755882053373924,11515.71728515625,11650.314268850274,199.48904981488775,-47.248507388671136
7ceee0a4-350f-401d-82a8-2bda9832268e,GRU_LSTM,,"{""gru_units"": 96, ""lstm_units"": 96, ""dropout"": 0.2, ""lr"": 0.002869139536545374}","{""MAE_15m"": 10712.92578125, ""RMSE_15m"": 10906.804114863346, ""sMAPE_15m"": 199.41628997362588, ""R2_15m"": -27.380331877304965, ""MAE_30m"": 10622.775390625, ""RMSE_30m"": 10843.974179238901, ""sMAPE_30m"": 199.41327398659837, ""R2_30m"": -23.76442194854337, ""MAE_avg"": 10667.8505859375, ""RMSE_avg"": 10875.389147051123, ""sMAPE_avg"": 199.41478198011214, ""R2_avg"": -25.572376912924167}","{""MAE_15m"": 11230.3681640625, ""RMSE_15m"": 11405.930737997667, ""sMAPE_15m"": 199.446367736095, ""R2_15m"": -31.73635654769719, ""MAE_30m"": 11799.8701171875, ""RMSE_30m"": 11893.517562100793, ""sMAPE_30m"": 199.48850837864202, ""R2_30m"": -62.75214406258648, ""MAE_avg"": 11515.119140625, ""RMSE_avg"": 11649.724150049231, ""sMAPE_avg"": 199.4674380573685, ""R2_avg"": -47.24425030514183}",11230.3681640625,11405.930737997667,199.446367736095,-31.73635654769719,11799.8701171875,11893.517562100793,199.48850837864202,-62.75214406258648,11515.119140625,11649.724150049231,199.4674380573685,-47.24425030514183
7ceee0a4-350f-401d-82a8-2bda9832268e,CNN1D,,"{""filters"": 96, ""kernel_size"": 7, ""dropout"": 0.2, ""lr"": 0.002869139536545374}","{""MAE_15m"": 8994.134765625, ""RMSE_15m"": 9284.704841835308, ""sMAPE_15m"": 142.54368506902586, ""R2_15m"": -19.566418752088495, ""MAE_30m"": 9386.412109375, ""RMSE_30m"": 9587.424680277807, ""sMAPE_30m"": 157.66195077182115, ""R2_30m"": -18.357765123822567, ""MAE_avg"": 9190.2734375, ""RMSE_avg"": 9436.064761056557, ""sMAPE_avg"": 150.1028179204235, ""R2_avg"": -18.96209193795553}","{""MAE_15m"": 9710.1669921875, ""RMSE_15m"": 9909.029821329634, ""sMAPE_15m"": 151.0860652667265, ""R2_15m"": -23.707635690103046, ""MAE_30m"": 10706.755859375, ""RMSE_30m"": 10804.630118611187, ""sMAPE_30m"": 165.50463149083077, ""R2_30m"": -51.613114494571434, ""MAE_avg"": 10208.46142578125, ""RMSE_avg"": 10356.829969970411, ""sMAPE_avg"": 158.29534837877864, ""R2_avg"": -37.66037509233724}",9710.1669921875,9909.029821329634,151.0860652667265,-23.707635690103046,10706.755859375,10804.630118611187,165.50463149083077,-51.613114494571434,10208.46142578125,10356.829969970411,158.29534837877864,-37.66037509233724
7ceee0a4-350f-401d-82a8-2bda9832268e,RCNN,,"{""filters"": 64, ""kernel_size"": 7, ""rnn_units"": 64, ""rnn_type"": ""lstm"", ""dropout"": 0.3, ""lr"": 0.002470540427082325}","{""MAE_15m"": 10717.5546875, ""RMSE_15m"": 10911.34968736682, ""sMAPE_15m"": 199.59555472118456, ""R2_15m"": -27.403991701188374, ""MAE_30m"": 10627.46875, ""RMSE_30m"": 10848.57299371673, ""sMAPE_30m"": 199.59799691214533, ""R2_30m"": -23.785432114635153, ""MAE_avg"": 10672.51171875, ""RMSE_avg"": 10879.961340541775, ""sMAPE_avg"": 199.59677581666494, ""R2_avg"": -25.594711907911766}","{""MAE_15m"": 11235.00390625, ""RMSE_15m"": 11410.493065595369, ""sMAPE_15m"": 199.61664331362786, ""R2_15m"": -31.76254910440742, ""MAE_30m"": 11804.5537109375, ""RMSE_30m"": 11898.165909080273, ""sMAPE_30m"": 199.64933473565713, ""R2_30m"": -62.801986343411784, ""MAE_avg"": 11519.77880859375, ""RMSE_avg"": 11654.329487337822, ""sMAPE_avg"": 199.63298902464248, ""R2_avg"": -47.2822677239096}",11235.00390625,11410.493065595369,199.61664331362786,-31.76254910440742,11804.5537109375,11898.165909080273,199.64933473565713,-62.801986343411784,11519.77880859375,11654.329487337822,199.63298902464248,-47.2822677239096
7da71867-aea3-4854-b152-db96a25ddf4f,XGBoost,,"{""n_estimators"": 200, ""max_depth"": 3, ""learning_rate"": 0.011450964268326641, ""subsample"": 0.7301321323053057, ""colsample_bytree"": 0.7554709158757928, ""min_child_weight"": 3, ""reg_lambda"": 5.441108375656199, ""gamma"": 1.7837666334679465, ""random_state"": 42, ""tree_method"": ""hist"", ""n_jobs"": -1, ""objective"": ""reg:squarederror""}","{""MAE_15m"": 1633.782958984375, ""RMSE_15m"": 2950.8669912417267, ""sMAPE_15m"": 200.0, ""R2_15m"": 0.0, ""MAE_30m"": 1526.4810791015625, ""RMSE_30m"": 2116.5282894400443, ""sMAPE_30m"": 200.0, ""R2_30m"": 0.0, ""MAE_avg"": 1580.1320190429688, ""RMSE_avg"": 2533.6976403408853, ""sMAPE_avg"": 200.0, ""R2_avg"": 0.0}","{""MAE_15m"": 6105.03125, ""RMSE_15m"": 9733.846105214527, ""sMAPE_15m"": 200.0, ""R2_15m"": 0.0, ""MAE_30m"": 6729.4248046875, ""RMSE_30m"": 9365.238704912972, ""sMAPE_30m"": 200.0, ""R2_30m"": 0.0, ""MAE_avg"": 6417.22802734375, ""RMSE_avg"": 9549.542405063748, ""sMAPE_avg"": 200.0, ""R2_avg"": 0.0}",6105.03125,9733.846105214527,200.0,0.0,6729.4248046875,9365.238704912972,200.0,0.0,6417.22802734375,9549.542405063748,200.0,0.0
7da71867-aea3-4854-b152-db96a25ddf4f,LSTM,,"{""units"": 64, ""num_layers"": 2, ""dropout"": 0.0, ""lr"": 0.00190303683817358}","{""MAE_15m"": 0.04103247821331024, ""RMSE_15m"": 0.04926566544630022, ""sMAPE_15m"": 200.0, ""R2_15m"": 0.0, ""MAE_30m"": 0.08527212589979172, ""RMSE_30m"": 0.08976649508042131, ""sMAPE_30m"": 200.0, ""R2_30m"": 0.0, ""MAE_avg"": 0.06315230205655098, ""RMSE_avg"": 0.06951608026336076, ""sMAPE_avg"": 200.0, ""R2_avg"": 0.0}","{""MAE_15m"": 0.06142345070838928, ""RMSE_15m"": 0.07149754374272327, ""sMAPE_15m"": 200.0, ""R2_15m"": 0.0, ""MAE_30m"": 0.16814225912094116, ""RMSE_30m"": 0.17318665088430266, ""sMAPE_30m"": 200.0, ""R2_30m"": 0.0, ""MAE_avg"": 0.11478285491466522, ""RMSE_avg"": 0.12234209731351296, ""sMAPE_avg"": 200.0, ""R2_avg"": 0.0}",0.06142345070838928,0.07149754374272327,200.0,0.0,0.16814225912094116,0.17318665088430266,200.0,0.0,0.11478285491466522,0.12234209731351296,200.0,0.0
7da71867-aea3-4854-b152-db96a25ddf4f,GRU_LSTM,,"{""gru_units"": 32, ""lstm_units"": 96, ""dropout"": 0.3, ""lr"": 0.0004983319160125723}","{""MAE_15m"": 0.21973615884780884, ""RMSE_15m"": 0.24438968924060397, ""sMAPE_15m"": 200.0, ""R2_15m"": 0.0, ""MAE_30m"": 0.11416307091712952, ""RMSE_30m"": 0.1475747218933632, ""sMAPE_30m"": 200.0, ""R2_30m"": 0.0, ""MAE_avg"": 0.16694961488246918, ""RMSE_avg"": 0.1959822055669836, ""sMAPE_avg"": 200.0, ""R2_avg"": 0.0}","{""MAE_15m"": 0.10636306554079056, ""RMSE_15m"": 0.12871803646163082, ""sMAPE_15m"": 200.0, ""R2_15m"": 0.0, ""MAE_30m"": 0.09541616588830948, ""RMSE_30m"": 0.1135453852611813, ""sMAPE_30m"": 200.0, ""R2_30m"": 0.0, ""MAE_avg"": 0.10088961571455002, ""RMSE_avg"": 0.12113171086140606, ""sMAPE_avg"": 200.0, ""R2_avg"": 0.0}",0.10636306554079056,0.12871803646163082,200.0,0.0,0.09541616588830948,0.1135453852611813,200.0,0.0,0.10088961571455002,0.12113171086140606,200.0,0.0
7da71867-aea3-4854-b152-db96a25ddf4f,CNN1D,,"{""filters"": 32, ""kernel_size"": 7, ""dropout"": 0.3, ""lr"": 0.000117115099555241}","{""MAE_15m"": 0.4347423315048218, ""RMSE_15m"": 0.75709346204612, ""sMAPE_15m"": 200.0, ""R2_15m"": 0.0, ""MAE_30m"": 0.7610144019126892, ""RMSE_30m"": 1.0585009544775492, ""sMAPE_30m"": 200.0, ""R2_30m"": 0.0, ""MAE_avg"": 0.5978783667087555, ""RMSE_avg"": 0.9077972082618346, ""sMAPE_avg"": 200.0, ""R2_avg"": 0.0}","{""MAE_15m"": 0.4485776722431183, ""RMSE_15m"": 0.5254565626552228, ""sMAPE_15m"": 200.0, ""R2_15m"": 0.0, ""MAE_30m"": 0.6303767561912537, ""RMSE_30m"": 0.724748664896835, ""sMAPE_30m"": 200.0, ""R2_30m"": 0.0, ""MAE_avg"": 0.539477214217186, ""RMSE_avg"": 0.6251026137760289, ""sMAPE_avg"": 200.0, ""R2_avg"": 0.0}",0.4485776722431183,0.5254565626552228,200.0,0.0,0.6303767561912537,0.724748664896835,200.0,0.0,0.539477214217186,0.6251026137760289,200.0,0.0
7da71867-aea3-4854-b152-db96a25ddf4f,RCNN,,"{""filters"": 96, ""kernel_size"": 5, ""rnn_units"": 64, ""rnn_type"": ""lstm"", ""dropout"": 0.0, ""lr"": 0.00025798509464504095}","{""MAE_15m"": 0.38929513096809387, ""RMSE_15m"": 0.4035778931896908, ""sMAPE_15m"": 200.0, ""R2_15m"": 0.0, ""MAE_30m"": 0.256987065076828, ""RMSE_30m"": 0.2618257247023477, ""sMAPE_30m"": 200.0, ""R2_30m"": 0.0, ""MAE_avg"": 0.32314109802246094, ""RMSE_avg"": 0.33270180894601925, ""sMAPE_avg"": 200.0, ""R2_avg"": 0.0}","{""MAE_15m"": 0.2759180963039398, ""RMSE_15m"": 0.28266659919598136, ""sMAPE_15m"": 200.0, ""R2_15m"": 0.0, ""MAE_30m"": 0.3556833565235138, ""RMSE_30m"": 0.3666267983840863, ""sMAPE_30m"": 200.0, ""R2_30m"": 0.0, ""MAE_avg"": 0.3158007264137268, ""RMSE_avg"": 0.3246466987900338, ""sMAPE_avg"": 200.0, ""R2_avg"": 0.0}",0.2759180963039398,0.28266659919598136,200.0,0.0,0.3556833565235138,0.3666267983840863,200.0,0.0,0.3158007264137268,0.3246466987900338,200.0,0.0
7ea83cc0-4f27-49f2-8e7f-e9d821360ed9,SKIPPED_INACTIVE_OP,OP_STATUS_true_ratio=0.000 < 0.05,,,,,,,,,,,,,,,
7f1a43fb-9559-4d4c-af83-aadca7fd6686,XGBoost,,"{""n_estimators"": 1200, ""max_depth"": 4, ""learning_rate"": 0.023337952670376732, ""subsample"": 0.6077552324088846, ""colsample_bytree"": 0.8684032404612834, ""min_child_weight"": 7, ""reg_lambda"": 19.28154852135865, ""gamma"": 3.6768041993598573, ""random_state"": 42, ""tree_method"": ""hist"", ""n_jobs"": -1, ""objective"": ""reg:squarederror""}","{""MAE_15m"": 209.6390380859375, ""RMSE_15m"": 274.2701679001929, ""sMAPE_15m"": 3.0848695925526775, ""R2_15m"": 0.9807786411777583, ""MAE_30m"": 278.4592590332031, ""RMSE_30m"": 340.57192247012966, ""sMAPE_30m"": 4.061488742060036, ""R2_30m"": 0.9700883207240432, ""MAE_avg"": 244.0491485595703, ""RMSE_avg"": 307.4210451851613, ""sMAPE_avg"": 3.573179167306357, ""R2_avg"": 0.9754334809509007}","{""MAE_15m"": 2187.8916015625, ""RMSE_15m"": 2820.680502999232, ""sMAPE_15m"": 28.545759101177755, ""R2_15m"": -0.28086087654246916, ""MAE_30m"": 2090.839599609375, ""RMSE_30m"": 2689.0, ""sMAPE_30m"": 26.923365965290643, ""R2_30m"": -0.07407271867234688, ""MAE_avg"": 2139.3656005859375, ""RMSE_avg"": 2754.840251499616, ""sMAPE_avg"": 27.734562533234197, ""R2_avg"": -0.17746679760740802}",2187.8916015625,2820.680502999232,28.545759101177755,-0.28086087654246916,2090.839599609375,2689.0,26.923365965290643,-0.07407271867234688,2139.3656005859375,2754.840251499616,27.734562533234197,-0.17746679760740802
7f1a43fb-9559-4d4c-af83-aadca7fd6686,LSTM,,"{""units"": 96, ""num_layers"": 2, ""dropout"": 0.0, ""lr"": 0.002299958642814372}","{""MAE_15m"": 7390.9658203125, ""RMSE_15m"": 7687.396438326828, ""sMAPE_15m"": 199.15718769435614, ""R2_15m"": -12.221500916231756, ""MAE_30m"": 8093.2060546875, ""RMSE_30m"": 8453.964750340518, ""sMAPE_30m"": 199.2107293407244, ""R2_30m"": -10.972368641458395, ""MAE_avg"": 7742.0859375, ""RMSE_avg"": 8070.680594333673, ""sMAPE_avg"": 199.18395851754028, ""R2_avg"": -11.596934778845075}","{""MAE_15m"": 7291.1640625, ""RMSE_15m"": 7517.882680648854, ""sMAPE_15m"": 199.16689155561696, ""R2_15m"": -15.833637326966766, ""MAE_30m"": 7605.98779296875, ""RMSE_30m"": 7959.9314067396335, ""sMAPE_30m"": 199.17047680103616, ""R2_30m"": -10.500303358226784, ""MAE_avg"": 7448.575927734375, ""RMSE_avg"": 7738.907043694244, ""sMAPE_avg"": 199.16868417832654, ""R2_avg"": -13.166970342596775}",7291.1640625,7517.882680648854,199.16689155561696,-15.833637326966766,7605.98779296875,7959.9314067396335,199.17047680103616,-10.500303358226784,7448.575927734375,7738.907043694244,199.16868417832654,-13.166970342596775
7f1a43fb-9559-4d4c-af83-aadca7fd6686,GRU_LSTM,,"{""gru_units"": 96, ""lstm_units"": 96, ""dropout"": 0.2, ""lr"": 0.002869139536545374}","{""MAE_15m"": 7389.36669921875, ""RMSE_15m"": 7685.85922327491, ""sMAPE_15m"": 199.06332873096503, ""R2_15m"": -12.21621322456282, ""MAE_30m"": 8090.046875, ""RMSE_30m"": 8450.939829391758, ""sMAPE_30m"": 199.03934026888643, ""R2_30m"": -10.963803764951358, ""MAE_avg"": 7739.706787109375, ""RMSE_avg"": 8068.3995263333345, ""sMAPE_avg"": 199.05133449992573, ""R2_avg"": -11.59000849475709}","{""MAE_15m"": 7289.56494140625, ""RMSE_15m"": 7516.331818114471, ""sMAPE_15m"": 199.07408628906825, ""R2_15m"": -15.826691239331346, ""MAE_30m"": 7602.82763671875, ""RMSE_30m"": 7956.9119638211405, ""sMAPE_30m"": 198.99031983764547, ""R2_30m"": -10.49158021642183, ""MAE_avg"": 7446.1962890625, ""RMSE_avg"": 7736.621890967806, ""sMAPE_avg"": 199.03220306335686, ""R2_avg"": -13.159135727876588}",7289.56494140625,7516.331818114471,199.07408628906825,-15.826691239331346,7602.82763671875,7956.9119638211405,198.99031983764547,-10.49158021642183,7446.1962890625,7736.621890967806,199.03220306335686,-13.159135727876588
7f1a43fb-9559-4d4c-af83-aadca7fd6686,CNN1D,,"{""filters"": 96, ""kernel_size"": 7, ""dropout"": 0.2, ""lr"": 0.002869139536545374}","{""MAE_15m"": 5761.69970703125, ""RMSE_15m"": 6222.98706410354, ""sMAPE_15m"": 125.29567779055203, ""R2_15m"": -7.664030239481223, ""MAE_30m"": 6647.6298828125, ""RMSE_30m"": 7148.25209404369, ""sMAPE_30m"": 135.69963584168136, ""R2_30m"": -7.55970685240211, ""MAE_avg"": 6204.664794921875, ""RMSE_avg"": 6685.619579073615, ""sMAPE_avg"": 130.4976568161167, ""R2_avg"": -7.611868545941666}","{""MAE_15m"": 5187.06591796875, ""RMSE_15m"": 5514.105367147059, ""sMAPE_15m"": 107.27409621452821, ""R2_15m"": -8.056012561668734, ""MAE_30m"": 5739.31689453125, ""RMSE_30m"": 6251.057190587845, ""sMAPE_30m"": 116.24134102563286, ""R2_30m"": -6.092471071804965, ""MAE_avg"": 5463.19140625, ""RMSE_avg"": 5882.581278867452, ""sMAPE_avg"": 111.75771862008054, ""R2_avg"": -7.0742418167368495}",5187.06591796875,5514.105367147059,107.27409621452821,-8.056012561668734,5739.31689453125,6251.057190587845,116.24134102563286,-6.092471071804965,5463.19140625,5882.581278867452,111.75771862008054,-7.0742418167368495
7f1a43fb-9559-4d4c-af83-aadca7fd6686,RCNN,,"{""filters"": 64, ""kernel_size"": 7, ""rnn_units"": 64, ""rnn_type"": ""lstm"", ""dropout"": 0.3, ""lr"": 0.002470540427082325}","{""MAE_15m"": 7397.80322265625, ""RMSE_15m"": 7693.970626406108, ""sMAPE_15m"": 199.55901453856805, ""R2_15m"": -12.244123738128447, ""MAE_30m"": 8096.6064453125, ""RMSE_30m"": 8457.220820103967, ""sMAPE_30m"": 199.3954272701668, ""R2_30m"": -10.98159277399836, ""MAE_avg"": 7747.204833984375, ""RMSE_avg"": 8075.595723255037, ""sMAPE_avg"": 199.4772209043674, ""R2_avg"": -11.612858256063404}","{""MAE_15m"": 7298.0, ""RMSE_15m"": 7524.512210103722, ""sMAPE_15m"": 199.56398989056453, ""R2_15m"": -15.863338642420516, ""MAE_30m"": 7609.390625, ""RMSE_30m"": 7963.183534240561, ""sMAPE_30m"": 199.36472223792663, ""R2_30m"": -10.509703305165624, ""MAE_avg"": 7453.6953125, ""RMSE_avg"": 7743.847872172142, ""sMAPE_avg"": 199.46435606424558, ""R2_avg"": -13.186520973793069}",7298.0,7524.512210103722,199.56398989056453,-15.863338642420516,7609.390625,7963.183534240561,199.36472223792663,-10.509703305165624,7453.6953125,7743.847872172142,199.46435606424558,-13.186520973793069
808db407-5bab-4017-befb-89d7f31457db,SKIPPED_INACTIVE_OP,OP_STATUS_true_ratio=0.000 < 0.05,,,,,,,,,,,,,,,
88c15435-75a9-4058-a81e-38a0eda6bbe1,XGBoost,,"{""n_estimators"": 600, ""max_depth"": 3, ""learning_rate"": 0.014635850080220022, ""subsample"": 0.6740226931268094, ""colsample_bytree"": 0.6059023381399422, ""min_child_weight"": 9, ""reg_lambda"": 6.285807021947823, ""gamma"": 0.0014054356912047705, ""random_state"": 42, ""tree_method"": ""hist"", ""n_jobs"": -1, ""objective"": ""reg:squarederror""}","{""MAE_15m"": 6040.1904296875, ""RMSE_15m"": 10920.542111085877, ""sMAPE_15m"": 123.66733853017439, ""R2_15m"": 0.9799367138082844, ""MAE_30m"": 12356.0419921875, ""RMSE_30m"": 20962.15103466245, ""sMAPE_30m"": 118.2449611777518, ""R2_30m"": 0.9297841247891788, ""MAE_avg"": 9198.1162109375, ""RMSE_avg"": 15941.346572874163, ""sMAPE_avg"": 120.9561498539631, ""R2_avg"": 0.9548604192987316}","{""MAE_15m"": 10932.0478515625, ""RMSE_15m"": 17614.756541036837, ""sMAPE_15m"": 7.342749502913519, ""R2_15m"": -196.1977901143336, ""MAE_30m"": 20996.939453125, ""RMSE_30m"": 25991.521078998052, ""sMAPE_30m"": 14.234901136413876, ""R2_30m"": -525.3230048700229, ""MAE_avg"": 15964.49365234375, ""RMSE_avg"": 21803.138810017444, ""sMAPE_avg"": 10.788825319663697, ""R2_avg"": -360.7603974921783}",10932.0478515625,17614.756541036837,7.342749502913519,-196.1977901143336,20996.939453125,25991.521078998052,14.234901136413876,-525.3230048700229,15964.49365234375,21803.138810017444,10.788825319663697,-360.7603974921783
88c15435-75a9-4058-a81e-38a0eda6bbe1,LSTM,,"{""units"": 96, ""num_layers"": 2, ""dropout"": 0.0, ""lr"": 0.002299958642814372}","{""MAE_15m"": 162983.90625, ""RMSE_15m"": 162988.38672739847, ""sMAPE_15m"": 199.9611477035664, ""R2_15m"": -18143.006009148474, ""MAE_30m"": 163189.703125, ""RMSE_30m"": 163193.91988674088, ""sMAPE_30m"": 199.96474597815427, ""R2_30m"": -19408.683648506245, ""MAE_avg"": 163086.8046875, ""RMSE_avg"": 163091.15330706968, ""sMAPE_avg"": 199.96294684086035, ""R2_avg"": -18775.844828827358}","{""MAE_15m"": 163022.234375, ""RMSE_15m"": 163023.87358911577, ""sMAPE_15m"": 199.96115800937068, ""R2_15m"": -49680.5513426043, ""MAE_30m"": 163116.71875, ""RMSE_30m"": 163118.50514273357, ""sMAPE_30m"": 199.96473118475112, ""R2_30m"": -45862.24888321414, ""MAE_avg"": 163069.4765625, ""RMSE_avg"": 163071.18936592469, ""sMAPE_avg"": 199.9629445970609, ""R2_avg"": -47771.40011290922}",163022.234375,163023.87358911577,199.96115800937068,-49680.5513426043,163116.71875,163118.50514273357,199.96473118475112,-45862.24888321414,163069.4765625,163071.18936592469,199.9629445970609,-47771.40011290922
88c15435-75a9-4058-a81e-38a0eda6bbe1,GRU_LSTM,,"{""gru_units"": 96, ""lstm_units"": 96, ""dropout"": 0.2, ""lr"": 0.002869139536545374}","{""MAE_15m"": 162985.96875, ""RMSE_15m"": 162990.45999076142, ""sMAPE_15m"": 199.96625606588998, ""R2_15m"": -18143.468878593132, ""MAE_30m"": 163188.609375, ""RMSE_30m"": 163192.8155281353, ""sMAPE_30m"": 199.96204132515388, ""R2_30m"": -19408.42298803989, ""MAE_avg"": 163087.2890625, ""RMSE_avg"": 163091.63775944838, ""sMAPE_avg"": 199.96414869552194, ""R2_avg"": -18775.94593331651}","{""MAE_15m"": 163024.3125, ""RMSE_15m"": 163025.95268238735, ""sMAPE_15m"": 199.96626786826482, ""R2_15m"": -49681.819515781055, ""MAE_30m"": 163115.609375, ""RMSE_30m"": 163117.40027354533, ""sMAPE_30m"": 199.9620179713659, ""R2_30m"": -45861.63111381295, ""MAE_avg"": 163069.9609375, ""RMSE_avg"": 163071.67647796634, ""sMAPE_avg"": 199.96414291981534, ""R2_avg"": -47771.725314797004}",163024.3125,163025.95268238735,199.96626786826482,-49681.819515781055,163115.609375,163117.40027354533,199.9620179713659,-45861.63111381295,163069.9609375,163071.67647796634,199.96414291981534,-47771.725314797004
88c15435-75a9-4058-a81e-38a0eda6bbe1,CNN1D,,"{""filters"": 96, ""kernel_size"": 7, ""dropout"": 0.2, ""lr"": 0.002869139536545374}","{""MAE_15m"": 161928.296875, ""RMSE_15m"": 161937.66227780367, ""sMAPE_15m"": 197.3853813786193, ""R2_15m"": -17909.82548060908, ""MAE_30m"": 162109.25, ""RMSE_30m"": 162117.3374565472, ""sMAPE_30m"": 197.33465191160377, ""R2_30m"": -19153.439655078397, ""MAE_avg"": 162018.7734375, ""RMSE_avg"": 162027.49986717541, ""sMAPE_avg"": 197.36001664511153, ""R2_avg"": -18531.63256784374}","{""MAE_15m"": 162139.515625, ""RMSE_15m"": 162141.39488730198, ""sMAPE_15m"": 197.81028365398467, ""R2_15m"": -49144.13514529823, ""MAE_30m"": 162211.515625, ""RMSE_30m"": 162214.5810462179, ""sMAPE_30m"": 197.75807282408726, ""R2_30m"": -45355.357028327344, ""MAE_avg"": 162175.515625, ""RMSE_avg"": 162177.98796675995, ""sMAPE_avg"": 197.78417823903595, ""R2_avg"": -47249.74608681278}",162139.515625,162141.39488730198,197.81028365398467,-49144.13514529823,162211.515625,162214.5810462179,197.75807282408726,-45355.357028327344,162175.515625,162177.98796675995,197.78417823903595,-47249.74608681278
88c15435-75a9-4058-a81e-38a0eda6bbe1,RCNN,,"{""filters"": 64, ""kernel_size"": 7, ""rnn_units"": 64, ""rnn_type"": ""lstm"", ""dropout"": 0.3, ""lr"": 0.002470540427082325}","{""MAE_15m"": 162989.609375, ""RMSE_15m"": 162994.11012671594, ""sMAPE_15m"": 199.97518117424582, ""R2_15m"": -18144.27902728322, ""MAE_30m"": 163195.359375, ""RMSE_30m"": 163199.56705824926, ""sMAPE_30m"": 199.97859019451184, ""R2_30m"": -19410.0291504242, ""MAE_avg"": 163092.484375, ""RMSE_avg"": 163096.8385924826, ""sMAPE_avg"": 199.97688568437883, ""R2_avg"": -18777.154088853713}","{""MAE_15m"": 163027.953125, ""RMSE_15m"": 163029.59574261354, ""sMAPE_15m"": 199.97518787319203, ""R2_15m"": -49684.036824857394, ""MAE_30m"": 163122.390625, ""RMSE_30m"": 163124.1549250141, ""sMAPE_30m"": 199.9785812482986, ""R2_30m"": -45865.42951310254, ""MAE_avg"": 163075.171875, ""RMSE_avg"": 163076.87533381383, ""sMAPE_avg"": 199.9768845607453, ""R2_avg"": -47774.73316897997}",163027.953125,163029.59574261354,199.97518787319203,-49684.036824857394,163122.390625,163124.1549250141,199.9785812482986,-45865.42951310254,163075.171875,163076.87533381383,199.9768845607453,-47774.73316897997
ade6f3b3-abdd-4343-9b96-3007337822ac,XGBoost,,"{""n_estimators"": 200, ""max_depth"": 8, ""learning_rate"": 0.18043311207136256, ""subsample"": 0.9233589392465844, ""colsample_bytree"": 0.7218455076693483, ""min_child_weight"": 1, ""reg_lambda"": 1.8141523033666782, ""gamma"": 2.2007624686980067, ""random_state"": 42, ""tree_method"": ""hist"", ""n_jobs"": -1, ""objective"": ""reg:squarederror""}","{""MAE_15m"": 0.590136706829071, ""RMSE_15m"": 0.8880317142897609, ""sMAPE_15m"": 0.002220527597392492, ""R2_15m"": 0.9999998915827496, ""MAE_30m"": 0.3768554627895355, ""RMSE_30m"": 0.45907059529270916, ""sMAPE_30m"": 0.0014441801244942363, ""R2_30m"": 0.9999999729120854, ""MAE_avg"": 0.4834960848093033, ""RMSE_avg"": 0.6735511547912351, ""sMAPE_avg"": 0.0018323538609433642, ""R2_avg"": 0.9999999322474176}","{""MAE_15m"": 983.1959838867188, ""RMSE_15m"": 1287.4358721893684, ""sMAPE_15m"": 3.4144689374195605, ""R2_15m"": 0.2845896158827086, ""MAE_30m"": 1449.6683349609375, ""RMSE_30m"": 2149.04036723371, ""sMAPE_30m"": 4.96724279118265, ""R2_30m"": -0.16107790684118917, ""MAE_avg"": 1216.4321594238281, ""RMSE_avg"": 1718.2381197115392, ""sMAPE_avg"": 4.190855864301105, ""R2_avg"": 0.06175585452075971}",983.1959838867188,1287.4358721893684,3.4144689374195605,0.2845896158827086,1449.6683349609375,2149.04036723371,4.96724279118265,-0.16107790684118917,1216.4321594238281,1718.2381197115392,4.190855864301105,0.06175585452075971
ade6f3b3-abdd-4343-9b96-3007337822ac,LSTM,,"{""units"": 96, ""num_layers"": 2, ""dropout"": 0.0, ""lr"": 0.002299958642814372}","{""MAE_15m"": 29294.7109375, ""RMSE_15m"": 29355.090597714054, ""sMAPE_15m"": 199.7989009443512, ""R2_15m"": -242.34264982133698, ""MAE_30m"": 29361.3359375, ""RMSE_30m"": 29421.105893558793, ""sMAPE_30m"": 199.8150659718194, ""R2_30m"": -245.3684929806631, ""MAE_avg"": 29328.0234375, ""RMSE_avg"": 29388.09824563642, ""sMAPE_avg"": 199.8069834580853, ""R2_avg"": -243.85557140100002}","{""MAE_15m"": 29814.603515625, ""RMSE_15m"": 29832.042906914707, ""sMAPE_15m"": 199.80301280487282, ""R2_15m"": -854.5476311796434, ""MAE_30m"": 30393.595703125, ""RMSE_30m"": 30454.199053660894, ""sMAPE_30m"": 199.82147519551884, ""R2_30m"": -250.5032395977338, ""MAE_avg"": 30104.099609375, ""RMSE_avg"": 30143.1209802878, ""sMAPE_avg"": 199.81224400019585, ""R2_avg"": -552.5254353886886}",29814.603515625,29832.042906914707,199.80301280487282,-854.5476311796434,30393.595703125,30454.199053660894,199.82147519551884,-250.5032395977338,30104.099609375,30143.1209802878,199.81224400019585,-552.5254353886886
ade6f3b3-abdd-4343-9b96-3007337822ac,GRU_LSTM,,"{""gru_units"": 96, ""lstm_units"": 96, ""dropout"": 0.2, ""lr"": 0.002869139536545374}","{""MAE_15m"": 29292.908203125, ""RMSE_15m"": 29353.291876721425, ""sMAPE_15m"": 199.77421967180015, ""R2_15m"": -242.3128276522427, ""MAE_30m"": 29359.73828125, ""RMSE_30m"": 29419.512436476576, ""sMAPE_30m"": 199.793268181897, ""R2_30m"": -245.34183008550963, ""MAE_avg"": 29326.3232421875, ""RMSE_avg"": 29386.402156599, ""sMAPE_avg"": 199.78374392684856, ""R2_avg"": -243.82732886887618}","{""MAE_15m"": 29812.806640625, ""RMSE_15m"": 29830.243981570115, ""sMAPE_15m"": 199.77886855310797, ""R2_15m"": -854.4444368233172, ""MAE_30m"": 30391.994140625, ""RMSE_30m"": 30452.602910096208, ""sMAPE_30m"": 199.80038295497167, ""R2_30m"": -250.4768785229283, ""MAE_avg"": 30102.400390625, ""RMSE_avg"": 30141.423445833163, ""sMAPE_avg"": 199.78962575403983, ""R2_avg"": -552.4606576731228}",29812.806640625,29830.243981570115,199.77886855310797,-854.4444368233172,30391.994140625,30452.602910096208,199.80038295497167,-250.4768785229283,30102.400390625,30141.423445833163,199.78962575403983,-552.4606576731228
ade6f3b3-abdd-4343-9b96-3007337822ac,CNN1D,,"{""filters"": 96, ""kernel_size"": 7, ""dropout"": 0.2, ""lr"": 0.002869139536545374}","{""MAE_15m"": 27097.5703125, ""RMSE_15m"": 27149.89738470479, ""sMAPE_15m"": 172.24821298670932, ""R2_15m"": -207.1554329106008, ""MAE_30m"": 27010.96875, ""RMSE_30m"": 27057.91832347788, ""sMAPE_30m"": 170.59494199345033, ""R2_30m"": -207.37995476061064, ""MAE_avg"": 27054.26953125, ""RMSE_avg"": 27103.907854091332, ""sMAPE_avg"": 171.4215774900798, ""R2_avg"": -207.2676938356057}","{""MAE_15m"": 27348.833984375, ""RMSE_15m"": 27369.03359638407, ""sMAPE_15m"": 169.3299289412887, ""R2_15m"": -719.1071073106596, ""MAE_30m"": 27756.4765625, ""RMSE_30m"": 27833.599264198656, ""sMAPE_30m"": 167.83049843340177, ""R2_30m"": -209.08155212118953, ""MAE_avg"": 27552.6552734375, ""RMSE_avg"": 27601.316430291365, ""sMAPE_avg"": 168.58021368734524, ""R2_avg"": -464.0943297159246}",27348.833984375,27369.03359638407,169.3299289412887,-719.1071073106596,27756.4765625,27833.599264198656,167.83049843340177,-209.08155212118953,27552.6552734375,27601.316430291365,168.58021368734524,-464.0943297159246
ade6f3b3-abdd-4343-9b96-3007337822ac,RCNN,,"{""filters"": 64, ""kernel_size"": 7, ""rnn_units"": 64, ""rnn_type"": ""lstm"", ""dropout"": 0.3, ""lr"": 0.002470540427082325}","{""MAE_15m"": 29298.939453125, ""RMSE_15m"": 29359.31443341278, ""sMAPE_15m"": 199.85683626728687, ""R2_15m"": -242.4126549439621, ""MAE_30m"": 29365.650390625, ""RMSE_30m"": 29425.412690393994, ""sMAPE_30m"": 199.87403170104065, ""R2_30m"": -245.4406273644209, ""MAE_avg"": 29332.294921875, ""RMSE_avg"": 29392.36356190339, ""sMAPE_avg"": 199.86543398416376, ""R2_avg"": -243.9266411541915}","{""MAE_15m"": 29818.826171875, ""RMSE_15m"": 29836.263573041448, ""sMAPE_15m"": 199.8596385772863, ""R2_15m"": -854.7896382752342, ""MAE_30m"": 30397.919921875, ""RMSE_30m"": 30458.51631317586, ""sMAPE_30m"": 199.87855138513984, ""R2_30m"": -250.57454914699366, ""MAE_avg"": 30108.373046875, ""RMSE_avg"": 30147.389943108654, ""sMAPE_avg"": 199.86909498121307, ""R2_avg"": -552.6820937111139}",29818.826171875,29836.263573041448,199.8596385772863,-854.7896382752342,30397.919921875,30458.51631317586,199.87855138513984,-250.57454914699366,30108.373046875,30147.389943108654,199.86909498121307,-552.6820937111139
b6230c0b-6c2d-4dae-b170-ce937f36ea48,XGBoost,,"{""n_estimators"": 800, ""max_depth"": 6, ""learning_rate"": 0.010636066512540286, ""subsample"": 0.9879639408647978, ""colsample_bytree"": 0.9329770563201687, ""min_child_weight"": 3, ""reg_lambda"": 0.039829941698924086, ""gamma"": 0.9170225492671691, ""random_state"": 42, ""tree_method"": ""hist"", ""n_jobs"": -1, ""objective"": ""reg:squarederror""}","{""MAE_15m"": 633.9796752929688, ""RMSE_15m"": 1076.917301838911, ""sMAPE_15m"": 40.40640564507125, ""R2_15m"": 0.9996847678793953, ""MAE_30m"": 632.7151489257812, ""RMSE_30m"": 882.0884663683116, ""sMAPE_30m"": 40.39720987713869, ""R2_30m"": 0.999792363223895, ""MAE_avg"": 633.347412109375, ""RMSE_avg"": 979.5028841036113, ""sMAPE_avg"": 40.401807761104976, ""R2_avg"": 0.9997385655516451}","{""MAE_15m"": 12059.1201171875, ""RMSE_15m"": 26282.8028946686, ""sMAPE_15m"": 47.589750069685955, ""R2_15m"": 0.8201051488522142, ""MAE_30m"": 17506.904296875, ""RMSE_30m"": 42173.9271114275, ""sMAPE_30m"": 48.597150992762764, ""R2_30m"": 0.5279344640408388, ""MAE_avg"": 14783.01220703125, ""RMSE_avg"": 34228.36500304805, ""sMAPE_avg"": 48.09345053122436, ""R2_avg"": 0.6740198064465265}",12059.1201171875,26282.8028946686,47.589750069685955,0.8201051488522142,17506.904296875,42173.9271114275,48.597150992762764,0.5279344640408388,14783.01220703125,34228.36500304805,48.09345053122436,0.6740198064465265
b6230c0b-6c2d-4dae-b170-ce937f36ea48,LSTM,,"{""units"": 96, ""num_layers"": 2, ""dropout"": 0.0, ""lr"": 0.002299958642814372}","{""MAE_15m"": 150383.625, ""RMSE_15m"": 150387.22669163096, ""sMAPE_15m"": 199.96129219130202, ""R2_15m"": -20846.410899221923, ""MAE_30m"": 150642.640625, ""RMSE_30m"": 150645.0429320527, ""sMAPE_30m"": 199.9655361254387, ""R2_30m"": -31315.747274175385, ""MAE_avg"": 150513.1328125, ""RMSE_avg"": 150516.13481184182, ""sMAPE_avg"": 199.96341415837037, ""R2_avg"": -26081.079086698654}","{""MAE_15m"": 148476.046875, ""RMSE_15m"": 148484.5930324086, ""sMAPE_15m"": 199.9607922859557, ""R2_15m"": -8672.510030115005, ""MAE_30m"": 148560.84375, ""RMSE_30m"": 148572.56425060448, ""sMAPE_30m"": 199.9650485834068, ""R2_30m"": -6336.216600846229, ""MAE_avg"": 148518.4453125, ""RMSE_avg"": 148528.57864150655, ""sMAPE_avg"": 199.96292043468125, ""R2_avg"": -7504.3633154806175}",148476.046875,148484.5930324086,199.9607922859557,-8672.510030115005,148560.84375,148572.56425060448,199.9650485834068,-6336.216600846229,148518.4453125,148528.57864150655,199.96292043468125,-7504.3633154806175
b6230c0b-6c2d-4dae-b170-ce937f36ea48,GRU_LSTM,,"{""gru_units"": 96, ""lstm_units"": 96, ""dropout"": 0.2, ""lr"": 0.002869139536545374}","{""MAE_15m"": 150383.265625, ""RMSE_15m"": 150386.87942769474, ""sMAPE_15m"": 199.96037343185657, ""R2_15m"": -20846.314620493336, ""MAE_30m"": 150639.09375, ""RMSE_30m"": 150641.49462880404, ""sMAPE_30m"": 199.95611179825204, ""R2_30m"": -31314.272788786464, ""MAE_avg"": 150511.1796875, ""RMSE_avg"": 150514.18702824938, ""sMAPE_avg"": 199.9582426150543, ""R2_avg"": -26080.293704639902}","{""MAE_15m"": 148475.703125, ""RMSE_15m"": 148484.2413187339, ""sMAPE_15m"": 199.95986199852774, ""R2_15m"": -8672.469477603701, ""MAE_30m"": 148557.296875, ""RMSE_30m"": 148569.02158929364, ""sMAPE_30m"": 199.95549250875487, ""R2_30m"": -6335.914142001022, ""MAE_avg"": 148516.5, ""RMSE_avg"": 148526.63145401375, ""sMAPE_avg"": 199.9576772536413, ""R2_avg"": -7504.191809802362}",148475.703125,148484.2413187339,199.95986199852774,-8672.469477603701,148557.296875,148569.02158929364,199.95549250875487,-6335.914142001022,148516.5,148526.63145401375,199.9576772536413,-7504.191809802362
b6230c0b-6c2d-4dae-b170-ce937f36ea48,CNN1D,,"{""filters"": 96, ""kernel_size"": 7, ""dropout"": 0.2, ""lr"": 0.002869139536545374}","{""MAE_15m"": 149293.609375, ""RMSE_15m"": 149300.08696581525, ""sMAPE_15m"": 197.0856055802546, ""R2_15m"": -20546.091801781673, ""MAE_30m"": 149913.25, ""RMSE_30m"": 149916.3901379699, ""sMAPE_30m"": 198.04093881776194, ""R2_30m"": -31013.52941111967, ""MAE_avg"": 149603.4296875, ""RMSE_avg"": 149608.23855189257, ""sMAPE_avg"": 197.56327219900828, ""R2_avg"": -25779.810606450672}","{""MAE_15m"": 147372.84375, ""RMSE_15m"": 147382.0092141507, ""sMAPE_15m"": 197.01234483576545, ""R2_15m"": -8544.176438320854, ""MAE_30m"": 147822.515625, ""RMSE_30m"": 147834.57652389715, ""sMAPE_30m"": 197.98755877934948, ""R2_30m"": -6273.4166783494165, ""MAE_avg"": 147597.6796875, ""RMSE_avg"": 147608.29286902392, ""sMAPE_avg"": 197.49995180755747, ""R2_avg"": -7408.796558335135}",147372.84375,147382.0092141507,197.01234483576545,-8544.176438320854,147822.515625,147834.57652389715,197.98755877934948,-6273.4166783494165,147597.6796875,147608.29286902392,197.49995180755747,-7408.796558335135
b6230c0b-6c2d-4dae-b170-ce937f36ea48,RCNN,,"{""filters"": 64, ""kernel_size"": 7, ""rnn_units"": 64, ""rnn_type"": ""lstm"", ""dropout"": 0.3, ""lr"": 0.002470540427082325}","{""MAE_15m"": 150389.59375, ""RMSE_15m"": 150393.198144065, ""sMAPE_15m"": 199.97715646452295, ""R2_15m"": -20848.065657690804, ""MAE_30m"": 150645.109375, ""RMSE_30m"": 150647.52397566978, ""sMAPE_30m"": 199.97212846927258, ""R2_30m"": -31316.78164918424, ""MAE_avg"": 150517.3515625, ""RMSE_avg"": 150520.3610598674, ""sMAPE_avg"": 199.97464246689776, ""R2_avg"": -26082.423653437523}","{""MAE_15m"": 148481.984375, ""RMSE_15m"": 148490.5582452972, ""sMAPE_15m"": 199.97686440142147, ""R2_15m"": -8673.207278177733, ""MAE_30m"": 148563.328125, ""RMSE_30m"": 148575.0523338289, ""sMAPE_30m"": 199.97172979779663, ""R2_30m"": -6336.428611120522, ""MAE_avg"": 148522.65625, ""RMSE_avg"": 148532.80528956305, ""sMAPE_avg"": 199.97429709960903, ""R2_avg"": -7504.817944649128}",148481.984375,148490.5582452972,199.97686440142147,-8673.207278177733,148563.328125,148575.0523338289,199.97172979779663,-6336.428611120522,148522.65625,148532.80528956305,199.97429709960903,-7504.817944649128
b895f7d2-134e-4fa5-87bd-3a55f55bbdec,SKIPPED_INACTIVE_OP,OP_STATUS_true_ratio=0.000 < 0.05,,,,,,,,,,,,,,,
c41dc419-efeb-4187-bdb7-ec3ea848e7ec,XGBoost,,"{""n_estimators"": 600, ""max_depth"": 5, ""learning_rate"": 0.056125092893947785, ""subsample"": 0.8285517573939049, ""colsample_bytree"": 0.8635159097607085, ""min_child_weight"": 2, ""reg_lambda"": 0.3219827134273335, ""gamma"": 1.707422781279813, ""random_state"": 42, ""tree_method"": ""hist"", ""n_jobs"": -1, ""objective"": ""reg:squarederror""}","{""MAE_15m"": 0.5797119140625, ""RMSE_15m"": 0.7235967341398363, ""sMAPE_15m"": 0.003155235967752018, ""R2_15m"": 0.9999959289431725, ""MAE_30m"": 0.5059814453125, ""RMSE_30m"": 0.606314578991896, ""sMAPE_30m"": 0.0027551049939027097, ""R2_30m"": 0.9999973650490032, ""MAE_avg"": 0.5428466796875, ""RMSE_avg"": 0.6649556565658661, ""sMAPE_avg"": 0.002955170480827364, ""R2_avg"": 0.9999966469960878}","{""MAE_15m"": 383.10125732421875, ""RMSE_15m"": 517.8828897540446, ""sMAPE_15m"": 1.9931222172984362, ""R2_15m"": -0.22252421113339316, ""MAE_30m"": 410.5209045410156, ""RMSE_30m"": 566.3069231874179, ""sMAPE_30m"": 2.1483338032663957, ""R2_30m"": -0.4892067412762531, ""MAE_avg"": 396.8110809326172, ""RMSE_avg"": 542.0949064707313, ""sMAPE_avg"": 2.0707280102824157, ""R2_avg"": -0.3558654762048231}",383.10125732421875,517.8828897540446,1.9931222172984362,-0.22252421113339316,410.5209045410156,566.3069231874179,2.1483338032663957,-0.4892067412762531,396.8110809326172,542.0949064707313,2.0707280102824157,-0.3558654762048231
c41dc419-efeb-4187-bdb7-ec3ea848e7ec,LSTM,,"{""units"": 96, ""num_layers"": 2, ""dropout"": 0.0, ""lr"": 0.002299958642814372}","{""MAE_15m"": 18300.015625, ""RMSE_15m"": 18303.81818091515, ""sMAPE_15m"": 199.6997865871104, ""R2_15m"": -2407.498799841916, ""MAE_30m"": 18289.5078125, ""RMSE_30m"": 18293.565207471176, ""sMAPE_30m"": 199.71095261843817, ""R2_30m"": -2254.2750337274024, ""MAE_avg"": 18294.76171875, ""RMSE_avg"": 18298.691694193163, ""sMAPE_avg"": 199.70536960277428, ""R2_avg"": -2330.886916784659}","{""MAE_15m"": 19086.615234375, ""RMSE_15m"": 19091.850407962032, ""sMAPE_15m"": 199.71212457643847, ""R2_15m"": -1822.5323294047296, ""MAE_30m"": 19115.76953125, ""RMSE_30m"": 19121.35894752253, ""sMAPE_30m"": 199.72342113694103, ""R2_30m"": -1709.259320732921, ""MAE_avg"": 19101.1923828125, ""RMSE_avg"": 19106.60467774228, ""sMAPE_avg"": 199.71777285668975, ""R2_avg"": -1765.8958250688252}",19086.615234375,19091.850407962032,199.71212457643847,-1822.5323294047296,19115.76953125,19121.35894752253,199.72342113694103,-1709.259320732921,19101.1923828125,19106.60467774228,199.71777285668975,-1765.8958250688252
c41dc419-efeb-4187-bdb7-ec3ea848e7ec,GRU_LSTM,,"{""gru_units"": 96, ""lstm_units"": 96, ""dropout"": 0.2, ""lr"": 0.002869139536545374}","{""MAE_15m"": 18299.017578125, ""RMSE_15m"": 18302.818143663015, ""sMAPE_15m"": 199.67798136524294, ""R2_15m"": -2407.2358791683905, ""MAE_30m"": 18289.365234375, ""RMSE_30m"": 18293.420019230958, ""sMAPE_30m"": 199.70779588289972, ""R2_30m"": -2254.2392747635467, ""MAE_avg"": 18294.19140625, ""RMSE_avg"": 18298.11908144699, ""sMAPE_avg"": 199.69288862407132, ""R2_avg"": -2330.7375769659684}","{""MAE_15m"": 19085.5859375, ""RMSE_15m"": 19090.821250014364, ""sMAPE_15m"": 199.69057247561213, ""R2_15m"": -1822.3356093739944, ""MAE_30m"": 19115.669921875, ""RMSE_30m"": 19121.26188304527, ""sMAPE_30m"": 199.72137565188802, ""R2_30m"": -1709.241897553817, ""MAE_avg"": 19100.6279296875, ""RMSE_avg"": 19106.041566529817, ""sMAPE_avg"": 199.7059740637501, ""R2_avg"": -1765.7887534639058}",19085.5859375,19090.821250014364,199.69057247561213,-1822.3356093739944,19115.669921875,19121.26188304527,199.72137565188802,-1709.241897553817,19100.6279296875,19106.041566529817,199.7059740637501,-1765.7887534639058
c41dc419-efeb-4187-bdb7-ec3ea848e7ec,CNN1D,,"{""filters"": 96, ""kernel_size"": 7, ""dropout"": 0.2, ""lr"": 0.002869139536545374}","{""MAE_15m"": 16636.1796875, ""RMSE_15m"": 16649.66930602527, ""sMAPE_15m"": 166.56077313285076, ""R2_15m"": -1991.848485803262, ""MAE_30m"": 17125.63671875, ""RMSE_30m"": 17131.754842980914, ""sMAPE_30m"": 175.9343152541264, ""R2_30m"": -1976.9098267878596, ""MAE_avg"": 16880.908203125, ""RMSE_avg"": 16890.71207450309, ""sMAPE_avg"": 171.24754419348858, ""R2_avg"": -1984.3791562955607}","{""MAE_15m"": 17037.380859375, ""RMSE_15m"": 17048.52275125326, ""sMAPE_15m"": 161.1811062553981, ""R2_15m"": -1453.0887897921339, ""MAE_30m"": 17682.24609375, ""RMSE_30m"": 17694.204248849397, ""sMAPE_30m"": 171.91850265429446, ""R2_30m"": -1463.4904560076202, ""MAE_avg"": 17359.8134765625, ""RMSE_avg"": 17371.363500051328, ""sMAPE_avg"": 166.54980445484628, ""R2_avg"": -1458.289622899877}",17037.380859375,17048.52275125326,161.1811062553981,-1453.0887897921339,17682.24609375,17694.204248849397,171.91850265429446,-1463.4904560076202,17359.8134765625,17371.363500051328,166.54980445484628,-1458.289622899877
c41dc419-efeb-4187-bdb7-ec3ea848e7ec,RCNN,,"{""filters"": 64, ""kernel_size"": 7, ""rnn_units"": 64, ""rnn_type"": ""lstm"", ""dropout"": 0.3, ""lr"": 0.002470540427082325}","{""MAE_15m"": 18302.744140625, ""RMSE_15m"": 18306.544403573276, ""sMAPE_15m"": 199.75928826843023, ""R2_15m"": -2408.2163315241187, ""MAE_30m"": 18292.998046875, ""RMSE_30m"": 18297.053751902244, ""sMAPE_30m"": 199.7871518227029, ""R2_30m"": -2255.135444585791, ""MAE_avg"": 18297.87109375, ""RMSE_avg"": 18301.79907773776, ""sMAPE_avg"": 199.77322004556657, ""R2_avg"": -2331.675888054955}","{""MAE_15m"": 19089.33984375, ""RMSE_15m"": 19094.575564803738, ""sMAPE_15m"": 199.76914568503958, ""R2_15m"": -1823.0527377737978, ""MAE_30m"": 19119.26171875, ""RMSE_30m"": 19124.850430787686, ""sMAPE_30m"": 199.79637819771864, ""R2_30m"": -1709.8839057797227, ""MAE_avg"": 19104.30078125, ""RMSE_avg"": 19109.712997795712, ""sMAPE_avg"": 199.7827619413791, ""R2_avg"": -1766.4683217767601}",19089.33984375,19094.575564803738,199.76914568503958,-1823.0527377737978,19119.26171875,19124.850430787686,199.79637819771864,-1709.8839057797227,19104.30078125,19109.712997795712,199.7827619413791,-1766.4683217767601
ca7f6f80-ee6a-43df-8918-c7f7a5e3edfb,SKIPPED_INACTIVE_OP,OP_STATUS_true_ratio=0.000 < 0.05,,,,,,,,,,,,,,,
cc74202d-eb54-4e29-886f-e08d0f0ba1cd,XGBoost,,"{""n_estimators"": 400, ""max_depth"": 5, ""learning_rate"": 0.03647316284911211, ""subsample"": 0.7164916560792167, ""colsample_bytree"": 0.8447411578889518, ""min_child_weight"": 2, ""reg_lambda"": 0.09212515846231674, ""gamma"": 1.8318092164684585, ""random_state"": 42, ""tree_method"": ""hist"", ""n_jobs"": -1, ""objective"": ""reg:squarederror""}","{""MAE_15m"": 44.971622467041016, ""RMSE_15m"": 55.849398147495734, ""sMAPE_15m"": 0.20662507302815208, ""R2_15m"": 0.9999547456406891, ""MAE_30m"": 38.875518798828125, ""RMSE_30m"": 44.053618619547734, ""sMAPE_30m"": 0.2074894787915602, ""R2_30m"": 0.9999650221827701, ""MAE_avg"": 41.92357063293457, ""RMSE_avg"": 49.951508383521734, ""sMAPE_avg"": 0.20705727590985615, ""R2_avg"": 0.9999598839117296}","{""MAE_15m"": 5163.09033203125, ""RMSE_15m"": 6318.304835950858, ""sMAPE_15m"": 29.190771514057722, ""R2_15m"": -0.032661984964505786, ""MAE_30m"": 5610.39306640625, ""RMSE_30m"": 6977.042639972899, ""sMAPE_30m"": 31.630325210588506, ""R2_30m"": -0.3447998356571149, ""MAE_avg"": 5386.74169921875, ""RMSE_avg"": 6647.673737961879, ""sMAPE_avg"": 30.410548362323112, ""R2_avg"": -0.18873091031081035}",5163.09033203125,6318.304835950858,29.190771514057722,-0.032661984964505786,5610.39306640625,6977.042639972899,31.630325210588506,-0.3447998356571149,5386.74169921875,6647.673737961879,30.410548362323112,-0.18873091031081035
cc74202d-eb54-4e29-886f-e08d0f0ba1cd,LSTM,,"{""units"": 96, ""num_layers"": 2, ""dropout"": 0.0, ""lr"": 0.002299958642814372}","{""MAE_15m"": 15803.57421875, ""RMSE_15m"": 16445.50759326084, ""sMAPE_15m"": 199.66000877965473, ""R2_15m"": -12.064338163301166, ""MAE_30m"": 14491.107421875, ""RMSE_30m"": 14866.413689925355, ""sMAPE_30m"": 199.59787566086445, ""R2_30m"": -19.058923589316926, ""MAE_avg"": 15147.3408203125, ""RMSE_avg"": 15655.960641593098, ""sMAPE_avg"": 199.6289422202596, ""R2_avg"": -15.561630876309046}","{""MAE_15m"": 17547.580078125, ""RMSE_15m"": 18140.541116515793, ""sMAPE_15m"": 199.69308246830602, ""R2_15m"": -14.550707022732695, ""MAE_30m"": 17292.98828125, ""RMSE_30m"": 17891.270720661516, ""sMAPE_30m"": 199.65185198126773, ""R2_30m"": -14.206448339200776, ""MAE_avg"": 17420.2841796875, ""RMSE_avg"": 18015.905918588654, ""sMAPE_avg"": 199.67246722478689, ""R2_avg"": -14.378577680966735}",17547.580078125,18140.541116515793,199.69308246830602,-14.550707022732695,17292.98828125,17891.270720661516,199.65185198126773,-14.206448339200776,17420.2841796875,18015.905918588654,199.67246722478689,-14.378577680966735
cc74202d-eb54-4e29-886f-e08d0f0ba1cd,GRU_LSTM,,"{""gru_units"": 96, ""lstm_units"": 96, ""dropout"": 0.2, ""lr"": 0.002869139536545374}","{""MAE_15m"": 15800.078125, ""RMSE_15m"": 16442.148764684014, ""sMAPE_15m"": 199.5637949893555, ""R2_15m"": -12.059001116818141, ""MAE_30m"": 14487.798828125, ""RMSE_30m"": 14863.18781419383, ""sMAPE_30m"": 199.50167155804985, ""R2_30m"": -19.050218683253185, ""MAE_avg"": 15143.9384765625, ""RMSE_avg"": 15652.668289438923, ""sMAPE_avg"": 199.53273327370266, ""R2_avg"": -15.554609900035663}","{""MAE_15m"": 17544.083984375, ""RMSE_15m"": 18137.15920424144, ""sMAPE_15m"": 199.6062057236389, ""R2_15m"": -14.544909964178363, ""MAE_30m"": 17289.677734375, ""RMSE_30m"": 17888.07066175668, ""sMAPE_30m"": 199.5685343185937, ""R2_30m"": -14.201010312551617, ""MAE_avg"": 17416.880859375, ""RMSE_avg"": 18012.61493299906, ""sMAPE_avg"": 199.5873700211163, ""R2_avg"": -14.37296013836499}",17544.083984375,18137.15920424144,199.6062057236389,-14.544909964178363,17289.677734375,17888.07066175668,199.5685343185937,-14.201010312551617,17416.880859375,18012.61493299906,199.5873700211163,-14.37296013836499
cc74202d-eb54-4e29-886f-e08d0f0ba1cd,CNN1D,,"{""filters"": 96, ""kernel_size"": 7, ""dropout"": 0.2, ""lr"": 0.002869139536545374}","{""MAE_15m"": 13787.76171875, ""RMSE_15m"": 14403.351832125743, ""sMAPE_15m"": 154.0823988885088, ""R2_15m"": -9.021206982072494, ""MAE_30m"": 12780.12890625, ""RMSE_30m"": 13134.408551586936, ""sMAPE_30m"": 157.7565421518325, ""R2_30m"": -14.657275656158088, ""MAE_avg"": 13283.9453125, ""RMSE_avg"": 13768.88019185634, ""sMAPE_avg"": 155.91947052017065, ""R2_avg"": -11.839241319115292}","{""MAE_15m"": 15335.73828125, ""RMSE_15m"": 16009.792503339948, ""sMAPE_15m"": 151.9692784144051, ""R2_15m"": -11.112145701260204, ""MAE_30m"": 15415.4326171875, ""RMSE_30m"": 16087.450015462364, ""sMAPE_30m"": 157.70817071805646, ""R2_30m"": -11.294754726016969, ""MAE_avg"": 15375.58544921875, ""RMSE_avg"": 16048.621259401156, ""sMAPE_avg"": 154.83872456623078, ""R2_avg"": -11.203450213638586}",15335.73828125,16009.792503339948,151.9692784144051,-11.112145701260204,15415.4326171875,16087.450015462364,157.70817071805646,-11.294754726016969,15375.58544921875,16048.621259401156,154.83872456623078,-11.203450213638586
cc74202d-eb54-4e29-886f-e08d0f0ba1cd,RCNN,,"{""filters"": 64, ""kernel_size"": 7, ""rnn_units"": 64, ""rnn_type"": ""lstm"", ""dropout"": 0.3, ""lr"": 0.002470540427082325}","{""MAE_15m"": 15806.126953125, ""RMSE_15m"": 16447.960116683164, ""sMAPE_15m"": 199.73029711859678, ""R2_15m"": -12.06823546058974, ""MAE_30m"": 14493.71875, ""RMSE_30m"": 14868.95934489028, ""sMAPE_30m"": 199.6738129667862, ""R2_30m"": -19.06579223618774, ""MAE_avg"": 15149.9228515625, ""RMSE_avg"": 15658.459730786723, ""sMAPE_avg"": 199.70205504269148, ""R2_avg"": -15.56701384838874}","{""MAE_15m"": 17550.1328125, ""RMSE_15m"": 18143.011436914214, ""sMAPE_15m"": 199.75652725023113, ""R2_15m"": -14.55494087909806, ""MAE_30m"": 17295.59765625, ""RMSE_30m"": 17893.794231520602, ""sMAPE_30m"": 199.7175934212216, ""R2_30m"": -14.210737615446428, ""MAE_avg"": 17422.865234375, ""RMSE_avg"": 18018.402834217406, ""sMAPE_avg"": 199.73706033572637, ""R2_avg"": -14.382839247272244}",17550.1328125,18143.011436914214,199.75652725023113,-14.55494087909806,17295.59765625,17893.794231520602,199.7175934212216,-14.210737615446428,17422.865234375,18018.402834217406,199.73706033572637,-14.382839247272244
ce90a9d0-167f-41b5-bf86-fd6543de4727,SKIPPED_INACTIVE_OP,OP_STATUS_true_ratio=0.000 < 0.05,,,,,,,,,,,,,,,
d85b8f21-d9bd-4d8d-9399-7de17d74fae3,XGBoost,,"{""n_estimators"": 1200, ""max_depth"": 2, ""learning_rate"": 0.026365703773854412, ""subsample"": 0.6068744601075835, ""colsample_bytree"": 0.6094059102390395, ""min_child_weight"": 10, ""reg_lambda"": 18.869952618502094, ""gamma"": 3.328467084489836, ""random_state"": 42, ""tree_method"": ""hist"", ""n_jobs"": -1, ""objective"": ""reg:squarederror""}","{""MAE_15m"": 399.0379333496094, ""RMSE_15m"": 463.45932602009424, ""sMAPE_15m"": 0.4165675496758733, ""R2_15m"": 0.6736321794713669, ""MAE_30m"": 1839.2532958984375, ""RMSE_30m"": 4011.8907014025194, ""sMAPE_30m"": 2.1186333186824355, ""R2_30m"": 0.4841963784737059, ""MAE_avg"": 1119.1456146240234, ""RMSE_avg"": 2237.6750137113067, ""sMAPE_avg"": 1.2676004341791545, ""R2_avg"": 0.5789142789725363}","{""MAE_15m"": 7021.0341796875, ""RMSE_15m"": 9512.505453349291, ""sMAPE_15m"": 7.865505919229089, ""R2_15m"": -0.8203779749876461, ""MAE_30m"": 7596.25390625, ""RMSE_30m"": 10577.149710578933, ""sMAPE_30m"": 8.643607264297607, ""R2_30m"": -0.6637232761010714, ""MAE_avg"": 7308.64404296875, ""RMSE_avg"": 10044.827581964113, ""sMAPE_avg"": 8.254556591763349, ""R2_avg"": -0.7420506255443587}",7021.0341796875,9512.505453349291,7.865505919229089,-0.8203779749876461,7596.25390625,10577.149710578933,8.643607264297607,-0.6637232761010714,7308.64404296875,10044.827581964113,8.254556591763349,-0.7420506255443587
d85b8f21-d9bd-4d8d-9399-7de17d74fae3,LSTM,,"{""units"": 96, ""num_layers"": 2, ""dropout"": 0.0, ""lr"": 0.002299958642814372}","{""MAE_15m"": 90404.0703125, ""RMSE_15m"": 90717.48003554772, ""sMAPE_15m"": 199.93238268760757, ""R2_15m"": -143.9814297738098, ""MAE_30m"": 88520.6640625, ""RMSE_30m"": 88829.6512657795, ""sMAPE_30m"": 199.93602630104758, ""R2_30m"": -142.9947469196494, ""MAE_avg"": 89462.3671875, ""RMSE_avg"": 89773.5656506636, ""sMAPE_avg"": 199.93420449432756, ""R2_avg"": -143.4880883467296}","{""MAE_15m"": 92480.5546875, ""RMSE_15m"": 92620.596240793, ""sMAPE_15m"": 199.93411557836595, ""R2_15m"": -329.9202047618951, ""MAE_30m"": 90758.3671875, ""RMSE_30m"": 91136.9550511756, ""sMAPE_30m"": 199.93731801884218, ""R2_30m"": -119.61261138942719, ""MAE_avg"": 91619.4609375, ""RMSE_avg"": 91878.77564598431, ""sMAPE_avg"": 199.93571679860406, ""R2_avg"": -224.76640807566113}",92480.5546875,92620.596240793,199.93411557836595,-329.9202047618951,90758.3671875,91136.9550511756,199.93731801884218,-119.61261138942719,91619.4609375,91878.77564598431,199.93571679860406,-224.76640807566113
d85b8f21-d9bd-4d8d-9399-7de17d74fae3,GRU_LSTM,,"{""gru_units"": 96, ""lstm_units"": 96, ""dropout"": 0.2, ""lr"": 0.002869139536545374}","{""MAE_15m"": 90403.0625, ""RMSE_15m"": 90716.46412862442, ""sMAPE_15m"": 199.92786614425643, ""R2_15m"": -143.9781886329688, ""MAE_30m"": 88519.25, ""RMSE_30m"": 88828.24199543746, ""sMAPE_30m"": 199.92961191065686, ""R2_30m"": -142.99017337031387, ""MAE_avg"": 89461.15625, ""RMSE_avg"": 89772.35306203095, ""sMAPE_avg"": 199.92873902745663, ""R2_avg"": -143.48418100164133}","{""MAE_15m"": 92486.21875, ""RMSE_15m"": 92626.4777695881, ""sMAPE_15m"": 199.952451472506, ""R2_15m"": -329.9622371177982, ""MAE_30m"": 90763.25, ""RMSE_30m"": 91141.44084882573, ""sMAPE_30m"": 199.95595093655805, ""R2_30m"": -119.6244786878326, ""MAE_avg"": 91624.734375, ""RMSE_avg"": 91883.95930920693, ""sMAPE_avg"": 199.954201204532, ""R2_avg"": -224.79335790281542}",92486.21875,92626.4777695881,199.952451472506,-329.9622371177982,90763.25,91141.44084882573,199.95595093655805,-119.6244786878326,91624.734375,91883.95930920693,199.954201204532,-224.79335790281542
d85b8f21-d9bd-4d8d-9399-7de17d74fae3,CNN1D,,"{""filters"": 96, ""kernel_size"": 7, ""dropout"": 0.2, ""lr"": 0.002869139536545374}","{""MAE_15m"": 90190.2734375, ""RMSE_15m"": 90506.73486542313, ""sMAPE_15m"": 198.97132284635165, ""R2_15m"": -143.3086059166981, ""MAE_30m"": 88340.5390625, ""RMSE_30m"": 88651.35234163098, ""sMAPE_30m"": 199.11323736290072, ""R2_30m"": -142.4172650733139, ""MAE_avg"": 89265.40625, ""RMSE_avg"": 89579.04360352705, ""sMAPE_avg"": 199.04228010462617, ""R2_avg"": -142.862935495006}","{""MAE_15m"": 91873.625, ""RMSE_15m"": 92005.58174371814, ""sMAPE_15m"": 197.36186612371512, ""R2_15m"": -325.5400540671868, ""MAE_30m"": 90245.4296875, ""RMSE_30m"": 90626.99712558063, ""sMAPE_30m"": 197.6644213598209, ""R2_30m"": -118.2666029992636, ""MAE_avg"": 91059.52734375, ""RMSE_avg"": 91316.28943464938, ""sMAPE_avg"": 197.513143741768, ""R2_avg"": -221.9033285332252}",91873.625,92005.58174371814,197.36186612371512,-325.5400540671868,90245.4296875,90626.99712558063,197.6644213598209,-118.2666029992636,91059.52734375,91316.28943464938,197.513143741768,-221.9033285332252
d85b8f21-d9bd-4d8d-9399-7de17d74fae3,RCNN,,"{""filters"": 64, ""kernel_size"": 7, ""rnn_units"": 64, ""rnn_type"": ""lstm"", ""dropout"": 0.3, ""lr"": 0.002470540427082325}","{""MAE_15m"": 90409.4296875, ""RMSE_15m"": 90722.80489491051, ""sMAPE_15m"": 199.95621189844223, ""R2_15m"": -143.9984502731612, ""MAE_30m"": 88523.3515625, ""RMSE_30m"": 88832.33141148553, ""sMAPE_30m"": 199.94823578206768, ""R2_30m"": -143.00342218125928, ""MAE_avg"": 89466.390625, ""RMSE_avg"": 89777.56815319802, ""sMAPE_avg"": 199.95222384025496, ""R2_avg"": -143.50093622721025}","{""MAE_15m"": 92485.90625, ""RMSE_15m"": 92625.95264827239, ""sMAPE_15m"": 199.95737598465197, ""R2_15m"": -329.95846477228446, ""MAE_30m"": 90761.0859375, ""RMSE_30m"": 91139.66565661738, ""sMAPE_30m"": 199.9493903256097, ""R2_30m"": -119.61978232561515, ""MAE_avg"": 91623.49609375, ""RMSE_avg"": 91882.80915244488, ""sMAPE_avg"": 199.95338315513084, ""R2_avg"": -224.78912354894982}",92485.90625,92625.95264827239,199.95737598465197,-329.95846477228446,90761.0859375,91139.66565661738,199.9493903256097,-119.61978232561515,91623.49609375,91882.80915244488,199.95338315513084,-224.78912354894982
e2387f36-6cbe-43de-84b4-539f74567499,XGBoost,,"{""n_estimators"": 200, ""max_depth"": 4, ""learning_rate"": 0.010482668629330897, ""subsample"": 0.7184348852751731, ""colsample_bytree"": 0.7143417233780396, ""min_child_weight"": 7, ""reg_lambda"": 0.26351696097440275, ""gamma"": 3.097669715667996, ""random_state"": 42, ""tree_method"": ""hist"", ""n_jobs"": -1, ""objective"": ""reg:squarederror""}","{""MAE_15m"": 415.357421875, ""RMSE_15m"": 535.1791756038346, ""sMAPE_15m"": 9.960172512953706, ""R2_15m"": 0.7155746206738911, ""MAE_30m"": 467.3921813964844, ""RMSE_30m"": 659.1268371868953, ""sMAPE_30m"": 11.26276122565077, ""R2_30m"": 0.44424401795240254, ""MAE_avg"": 441.3748016357422, ""RMSE_avg"": 597.1530063953649, ""sMAPE_avg"": 10.611466869302237, ""R2_avg"": 0.5799093193131468}","{""MAE_15m"": 1068.7288818359375, ""RMSE_15m"": 1270.2861390253772, ""sMAPE_15m"": 25.470919470721892, ""R2_15m"": 0.38700915954662174, ""MAE_30m"": 1457.395751953125, ""RMSE_30m"": 1653.9436961396236, ""sMAPE_30m"": 34.856715094656316, ""R2_30m"": -0.03172496751239562, ""MAE_avg"": 1263.0623168945312, ""RMSE_avg"": 1462.1149175825003, ""sMAPE_avg"": 30.163817282689102, ""R2_avg"": 0.17764209601711306}",1068.7288818359375,1270.2861390253772,25.470919470721892,0.38700915954662174,1457.395751953125,1653.9436961396236,34.856715094656316,-0.03172496751239562,1263.0623168945312,1462.1149175825003,30.163817282689102,0.17764209601711306
e2387f36-6cbe-43de-84b4-539f74567499,LSTM,,"{""units"": 96, ""num_layers"": 2, ""dropout"": 0.0, ""lr"": 0.002299958642814372}","{""MAE_15m"": 4808.5869140625, ""RMSE_15m"": 4917.17459523251, ""sMAPE_15m"": 198.7605409883534, ""R2_15m"": -21.894362973326068, ""MAE_30m"": 4764.60546875, ""RMSE_30m"": 4887.368207941775, ""sMAPE_30m"": 198.91553131426912, ""R2_30m"": -19.15894335647967, ""MAE_avg"": 4786.59619140625, ""RMSE_avg"": 4902.2714015871425, ""sMAPE_avg"": 198.83803615131126, ""R2_avg"": -20.526653164902868}","{""MAE_15m"": 4113.396484375, ""RMSE_15m"": 4398.6427452113, ""sMAPE_15m"": 198.41298253072983, ""R2_15m"": -6.968633714437629, ""MAE_30m"": 4432.42138671875, ""RMSE_30m"": 4835.198651555073, ""sMAPE_30m"": 198.6857677669115, ""R2_30m"": -5.263190620147383, ""MAE_avg"": 4272.908935546875, ""RMSE_avg"": 4616.920698383186, ""sMAPE_avg"": 198.54937514882067, ""R2_avg"": -6.115912167292506}",4113.396484375,4398.6427452113,198.41298253072983,-6.968633714437629,4432.42138671875,4835.198651555073,198.6857677669115,-5.263190620147383,4272.908935546875,4616.920698383186,198.54937514882067,-6.115912167292506
e2387f36-6cbe-43de-84b4-539f74567499,GRU_LSTM,,"{""gru_units"": 96, ""lstm_units"": 96, ""dropout"": 0.2, ""lr"": 0.002869139536545374}","{""MAE_15m"": 4808.38330078125, ""RMSE_15m"": 4916.97528974877, ""sMAPE_15m"": 198.74301423714712, ""R2_15m"": -21.89250836955507, ""MAE_30m"": 4760.994140625, ""RMSE_30m"": 4883.848277741642, ""sMAPE_30m"": 198.59802101099822, ""R2_30m"": -19.129915365276005, ""MAE_avg"": 4784.688720703125, ""RMSE_avg"": 4900.411783745206, ""sMAPE_avg"": 198.67051762407266, ""R2_avg"": -20.51121186741554}","{""MAE_15m"": 4113.1923828125, ""RMSE_15m"": 4398.451773067428, ""sMAPE_15m"": 198.39048144626437, ""R2_15m"": -6.967941605845115, ""MAE_30m"": 4428.81103515625, ""RMSE_30m"": 4831.88886461599, ""sMAPE_30m"": 198.3014229624393, ""R2_30m"": -5.254618837575898, ""MAE_avg"": 4271.001708984375, ""RMSE_avg"": 4615.170318841709, ""sMAPE_avg"": 198.34595220435182, ""R2_avg"": -6.111280221710507}",4113.1923828125,4398.451773067428,198.39048144626437,-6.967941605845115,4428.81103515625,4831.88886461599,198.3014229624393,-5.254618837575898,4271.001708984375,4615.170318841709,198.34595220435182,-6.111280221710507
e2387f36-6cbe-43de-84b4-539f74567499,CNN1D,,"{""filters"": 96, ""kernel_size"": 7, ""dropout"": 0.2, ""lr"": 0.002869139536545374}","{""MAE_15m"": 3803.635009765625, ""RMSE_15m"": 3989.343680356457, ""sMAPE_15m"": 130.33368560868726, ""R2_15m"": -14.069548681208168, ""MAE_30m"": 3922.77490234375, ""RMSE_30m"": 4105.076613170575, ""sMAPE_30m"": 139.14223503869403, ""R2_30m"": -13.221984437732777, ""MAE_avg"": 3863.2049560546875, ""RMSE_avg"": 4047.2101467635157, ""sMAPE_avg"": 134.73796032369063, ""R2_avg"": -13.645766559470474}","{""MAE_15m"": 3067.139892578125, ""RMSE_15m"": 3461.2013810236467, ""sMAPE_15m"": 112.27811563803982, ""R2_15m"": -3.9340122717244963, ""MAE_30m"": 3556.265625, ""RMSE_30m"": 4026.259678659587, ""sMAPE_30m"": 127.0157528290695, ""R2_30m"": -3.3428067202784177, ""MAE_avg"": 3311.7027587890625, ""RMSE_avg"": 3743.7305298416168, ""sMAPE_avg"": 119.64693423355466, ""R2_avg"": -3.638409496001457}",3067.139892578125,3461.2013810236467,112.27811563803982,-3.9340122717244963,3556.265625,4026.259678659587,127.0157528290695,-3.3428067202784177,3311.7027587890625,3743.7305298416168,119.64693423355466,-3.638409496001457
e2387f36-6cbe-43de-84b4-539f74567499,RCNN,,"{""filters"": 64, ""kernel_size"": 7, ""rnn_units"": 64, ""rnn_type"": ""lstm"", ""dropout"": 0.3, ""lr"": 0.002470540427082325}","{""MAE_15m"": 4812.38818359375, ""RMSE_15m"": 4920.891382666356, ""sMAPE_15m"": 199.08795290855966, ""R2_15m"": -21.92898884322087, ""MAE_30m"": 4766.6865234375, ""RMSE_30m"": 4889.396077226716, ""sMAPE_30m"": 199.09870533732126, ""R2_30m"": -19.17567704125831, ""MAE_avg"": 4789.537353515625, ""RMSE_avg"": 4905.143729946536, ""sMAPE_avg"": 199.09332912294047, ""R2_avg"": -20.55233294223959}","{""MAE_15m"": 4117.19482421875, ""RMSE_15m"": 4402.1946799295465, ""sMAPE_15m"": 198.83156232998516, ""R2_15m"": -6.981509412264894, ""MAE_30m"": 4434.50341796875, ""RMSE_30m"": 4837.1076068245575, ""sMAPE_30m"": 198.90779052425248, ""R2_30m"": -5.268136703190719, ""MAE_avg"": 4275.84912109375, ""RMSE_avg"": 4619.651143377052, ""sMAPE_avg"": 198.8696764271188, ""R2_avg"": -6.124823057727807}",4117.19482421875,4402.1946799295465,198.83156232998516,-6.981509412264894,4434.50341796875,4837.1076068245575,198.90779052425248,-5.268136703190719,4275.84912109375,4619.651143377052,198.8696764271188,-6.124823057727807
e43f8a7a-2d75-4902-a1a0-27748f978ebd,XGBoost,,"{""n_estimators"": 200, ""max_depth"": 7, ""learning_rate"": 0.08310795711416077, ""subsample"": 0.8916028672163949, ""colsample_bytree"": 0.9085081386743783, ""min_child_weight"": 1, ""reg_lambda"": 0.15251273957388442, ""gamma"": 0.5793452976256486, ""random_state"": 42, ""tree_method"": ""hist"", ""n_jobs"": -1, ""objective"": ""reg:squarederror""}","{""MAE_15m"": 0.3170166015625, ""RMSE_15m"": 0.3731393949009897, ""sMAPE_15m"": 0.005287889458137872, ""R2_15m"": 0.9999999968703968, ""MAE_30m"": 0.2907165586948395, ""RMSE_30m"": 0.3640771781025346, ""sMAPE_30m"": 0.0050050793914938815, ""R2_30m"": 0.9999999967378965, ""MAE_avg"": 0.30386658012866974, ""RMSE_avg"": 0.36860828650176214, ""sMAPE_avg"": 0.005146484424815877, ""R2_avg"": 0.9999999968041466}","{""MAE_15m"": 5211.275390625, ""RMSE_15m"": 6149.413955817254, ""sMAPE_15m"": 76.10940258048568, ""R2_15m"": -0.3042178689208419, ""MAE_30m"": 5593.4453125, ""RMSE_30m"": 6724.143662950696, ""sMAPE_30m"": 79.19035094060956, ""R2_30m"": -0.5598244874337579, ""MAE_avg"": 5402.3603515625, ""RMSE_avg"": 6436.778809383975, ""sMAPE_avg"": 77.64987676054761, ""R2_avg"": -0.4320211781772999}",5211.275390625,6149.413955817254,76.10940258048568,-0.3042178689208419,5593.4453125,6724.143662950696,79.19035094060956,-0.5598244874337579,5402.3603515625,6436.778809383975,77.64987676054761,-0.4320211781772999
e43f8a7a-2d75-4902-a1a0-27748f978ebd,LSTM,,"{""units"": 96, ""num_layers"": 2, ""dropout"": 0.0, ""lr"": 0.002299958642814372}","{""MAE_15m"": 4782.22314453125, ""RMSE_15m"": 5693.174509884621, ""sMAPE_15m"": 198.15404119137528, ""R2_15m"": -2.3965903957748464, ""MAE_30m"": 3898.806884765625, ""RMSE_30m"": 4615.01419282758, ""sMAPE_30m"": 198.4096435966363, ""R2_30m"": -2.4928730807193062, ""MAE_avg"": 4340.5150146484375, ""RMSE_avg"": 5154.094351356101, ""sMAPE_avg"": 198.2818423940058, ""R2_avg"": -2.4447317382470763}","{""MAE_15m"": 3489.4453125, ""RMSE_15m"": 4216.401072004417, ""sMAPE_15m"": 197.61656192737317, ""R2_15m"": -2.1736241806087193, ""MAE_30m"": 3655.820068359375, ""RMSE_30m"": 4326.432941812458, ""sMAPE_30m"": 198.32484249615902, ""R2_30m"": -2.4967337263833196, ""MAE_avg"": 3572.6326904296875, ""RMSE_avg"": 4271.4170069084375, ""sMAPE_avg"": 197.97070221176608, ""R2_avg"": -2.3351789534960194}",3489.4453125,4216.401072004417,197.61656192737317,-2.1736241806087193,3655.820068359375,4326.432941812458,198.32484249615902,-2.4967337263833196,3572.6326904296875,4271.4170069084375,197.97070221176608,-2.3351789534960194
e43f8a7a-2d75-4902-a1a0-27748f978ebd,GRU_LSTM,,"{""gru_units"": 96, ""lstm_units"": 96, ""dropout"": 0.2, ""lr"": 0.002869139536545374}","{""MAE_15m"": 4779.8330078125, ""RMSE_15m"": 5691.1677184915225, ""sMAPE_15m"": 197.8602513587106, ""R2_15m"": -2.3941961414398776, ""MAE_30m"": 3897.078125, ""RMSE_30m"": 4613.553944628804, ""sMAPE_30m"": 198.16433015289732, ""R2_30m"": -2.4906626989904828, ""MAE_avg"": 4338.45556640625, ""RMSE_avg"": 5152.360831560163, ""sMAPE_avg"": 198.01229075580397, ""R2_avg"": -2.44242942021518}","{""MAE_15m"": 3487.055419921875, ""RMSE_15m"": 4214.423329472254, ""sMAPE_15m"": 197.23768434008508, ""R2_15m"": -2.1706475977949466, ""MAE_30m"": 3654.093505859375, ""RMSE_30m"": 4324.974219576343, ""sMAPE_30m"": 198.0668048073893, ""R2_30m"": -2.4943765130458613, ""MAE_avg"": 3570.574462890625, ""RMSE_avg"": 4269.698774524299, ""sMAPE_avg"": 197.6522445737372, ""R2_avg"": -2.3325120554204037}",3487.055419921875,4214.423329472254,197.23768434008508,-2.1706475977949466,3654.093505859375,4324.974219576343,198.0668048073893,-2.4943765130458613,3570.574462890625,4269.698774524299,197.6522445737372,-2.3325120554204037
e43f8a7a-2d75-4902-a1a0-27748f978ebd,CNN1D,,"{""filters"": 96, ""kernel_size"": 7, ""dropout"": 0.2, ""lr"": 0.002869139536545374}","{""MAE_15m"": 2859.287353515625, ""RMSE_15m"": 3844.4349389734766, ""sMAPE_15m"": 67.02791989156144, ""R2_15m"": -0.548813837494142, ""MAE_30m"": 2100.84814453125, ""RMSE_30m"": 3049.3922345280544, ""sMAPE_30m"": 56.65125303596091, ""R2_30m"": -0.5249768037747558, ""MAE_avg"": 2480.0677490234375, ""RMSE_avg"": 3446.9135867507657, ""sMAPE_avg"": 61.83958646376118, ""R2_avg"": -0.5368953206344489}","{""MAE_15m"": 1752.2318115234375, ""RMSE_15m"": 2726.14352153367, ""sMAPE_15m"": 45.79117496994261, ""R2_15m"": -0.3266889474881902, ""MAE_30m"": 1917.70263671875, ""RMSE_30m"": 2896.0079419780604, ""sMAPE_30m"": 50.95583931450032, ""R2_30m"": -0.5667586961490769, ""MAE_avg"": 1834.9672241210938, ""RMSE_avg"": 2811.0757317558655, ""sMAPE_avg"": 48.37350714222146, ""R2_avg"": -0.44672382181863357}",1752.2318115234375,2726.14352153367,45.79117496994261,-0.3266889474881902,1917.70263671875,2896.0079419780604,50.95583931450032,-0.5667586961490769,1834.9672241210938,2811.0757317558655,48.37350714222146,-0.44672382181863357
e43f8a7a-2d75-4902-a1a0-27748f978ebd,RCNN,,"{""filters"": 64, ""kernel_size"": 7, ""rnn_units"": 64, ""rnn_type"": ""lstm"", ""dropout"": 0.3, ""lr"": 0.002470540427082325}","{""MAE_15m"": 4785.29736328125, ""RMSE_15m"": 5695.757895135642, ""sMAPE_15m"": 198.532973030299, ""R2_15m"": -2.3996734861161344, ""MAE_30m"": 3901.015625, ""RMSE_30m"": 4616.880331999087, ""sMAPE_30m"": 198.7236515143699, ""R2_30m"": -2.4956979789753335, ""MAE_avg"": 4343.156494140625, ""RMSE_avg"": 5156.319113567364, ""sMAPE_avg"": 198.62831227233443, ""R2_avg"": -2.447685732545734}","{""MAE_15m"": 3492.519775390625, ""RMSE_15m"": 4218.946550976914, ""sMAPE_15m"": 198.10535836764888, ""R2_15m"": -2.1774568335250586, ""MAE_30m"": 3658.028564453125, ""RMSE_30m"": 4328.29920407543, ""sMAPE_30m"": 198.65552461466015, ""R2_30m"": -2.499751231265387, ""MAE_avg"": 3575.274169921875, ""RMSE_avg"": 4273.622877526172, ""sMAPE_avg"": 198.3804414911545, ""R2_avg"": -2.3386040323952226}",3492.519775390625,4218.946550976914,198.10535836764888,-2.1774568335250586,3658.028564453125,4328.29920407543,198.65552461466015,-2.499751231265387,3575.274169921875,4273.622877526172,198.3804414911545,-2.3386040323952226
ee238614-4f4c-44f1-8ecd-c27ecb59ad93,SKIPPED_INACTIVE_OP,OP_STATUS_true_ratio=0.000 < 0.05,,,,,,,,,,,,,,,
efb83ace-045a-4068-9489-ddf58ddaa41b,XGBoost,,"{""n_estimators"": 200, ""max_depth"": 4, ""learning_rate"": 0.010482668629330897, ""subsample"": 0.7184348852751731, ""colsample_bytree"": 0.7143417233780396, ""min_child_weight"": 7, ""reg_lambda"": 0.26351696097440275, ""gamma"": 3.097669715667996, ""random_state"": 42, ""tree_method"": ""hist"", ""n_jobs"": -1, ""objective"": ""reg:squarederror""}","{""MAE_15m"": 22334.484375, ""RMSE_15m"": 27949.483573046567, ""sMAPE_15m"": 115.96512395993706, ""R2_15m"": 0.8316736251636812, ""MAE_30m"": 28755.208984375, ""RMSE_30m"": 35313.68550576391, ""sMAPE_30m"": 116.47629099023695, ""R2_30m"": 0.7312857448542834, ""MAE_avg"": 25544.8466796875, ""RMSE_avg"": 31631.584539405238, ""sMAPE_avg"": 116.22070747508701, ""R2_avg"": 0.7814796850089822}","{""MAE_15m"": 27965.884765625, ""RMSE_15m"": 36798.546058234424, ""sMAPE_15m"": 146.19696424184013, ""R2_15m"": 0.7420811953778523, ""MAE_30m"": 42475.56640625, ""RMSE_30m"": 52783.91270074624, ""sMAPE_30m"": 145.76675101214664, ""R2_30m"": 0.4977515097055273, ""MAE_avg"": 35220.7255859375, ""RMSE_avg"": 44791.22937949033, ""sMAPE_avg"": 145.9818576269934, ""R2_avg"": 0.6199163525416898}",27965.884765625,36798.546058234424,146.19696424184013,0.7420811953778523,42475.56640625,52783.91270074624,145.76675101214664,0.4977515097055273,35220.7255859375,44791.22937949033,145.9818576269934,0.6199163525416898
efb83ace-045a-4068-9489-ddf58ddaa41b,LSTM,,"{""units"": 64, ""num_layers"": 2, ""dropout"": 0.0, ""lr"": 0.00018659959624904942}","{""MAE_15m"": 25171.830078125, ""RMSE_15m"": 60117.35722734325, ""sMAPE_15m"": 199.99998446223628, ""R2_15m"": -0.21258836477940957, ""MAE_30m"": 10162.47265625, ""RMSE_30m"": 33705.013039605845, ""sMAPE_30m"": 200.0, ""R2_30m"": -0.1000000147896174, ""MAE_avg"": 17667.1513671875, ""RMSE_avg"": 46911.185133474544, ""sMAPE_avg"": 199.99999223111814, ""R2_avg"": -0.15629418978451348}","{""MAE_15m"": 42870.01953125, ""RMSE_15m"": 83287.57544796223, ""sMAPE_15m"": 199.99969596907806, ""R2_15m"": -0.36042877272276486, ""MAE_30m"": 28958.384765625, ""RMSE_30m"": 67929.76325588071, ""sMAPE_30m"": 200.0, ""R2_30m"": -0.22209164696375105, ""MAE_avg"": 35914.2021484375, ""RMSE_avg"": 75608.66935192148, ""sMAPE_avg"": 199.99984798453903, ""R2_avg"": -0.29126020984325796}",42870.01953125,83287.57544796223,199.99969596907806,-0.36042877272276486,28958.384765625,67929.76325588071,200.0,-0.22209164696375105,35914.2021484375,75608.66935192148,199.99984798453903,-0.29126020984325796
efb83ace-045a-4068-9489-ddf58ddaa41b,GRU_LSTM,,"{""gru_units"": 64, ""lstm_units"": 32, ""dropout"": 0.3, ""lr"": 0.00018752209455786411}","{""MAE_15m"": 25171.8046875, ""RMSE_15m"": 60117.27631887526, ""sMAPE_15m"": 199.9998843761765, ""R2_15m"": -0.21258521019510423, ""MAE_30m"": 10162.6064453125, ""RMSE_30m"": 33704.94088408998, ""sMAPE_30m"": 199.99992067659682, ""R2_30m"": -0.09999523748450456, ""MAE_avg"": 17667.20556640625, ""RMSE_avg"": 46911.108601482614, ""sMAPE_avg"": 199.99990252638668, ""R2_avg"": -0.1562902238398044}","{""MAE_15m"": 42869.9296875, ""RMSE_15m"": 83287.52012156443, ""sMAPE_15m"": 199.99959584331702, ""R2_15m"": -0.36042692451229796, ""MAE_30m"": 28958.5390625, ""RMSE_30m"": 67929.67657806123, ""sMAPE_30m"": 199.99949212817387, ""R2_30m"": -0.22208847984694557, ""MAE_avg"": 35914.234375, ""RMSE_avg"": 75608.59834981283, ""sMAPE_avg"": 199.99954398574545, ""R2_avg"": -0.29125770217962177}",42869.9296875,83287.52012156443,199.99959584331702,-0.36042692451229796,28958.5390625,67929.67657806123,199.99949212817387,-0.22208847984694557,35914.234375,75608.59834981283,199.99954398574545,-0.29125770217962177
efb83ace-045a-4068-9489-ddf58ddaa41b,CNN1D,,"{""filters"": 32, ""kernel_size"": 7, ""dropout"": 0.2, ""lr"": 0.0003023795012558478}","{""MAE_15m"": 25171.775390625, ""RMSE_15m"": 60117.18050607497, ""sMAPE_15m"": 199.99981688096307, ""R2_15m"": -0.21258127477129363, ""MAE_30m"": 10162.451171875, ""RMSE_30m"": 33704.73960736086, ""sMAPE_30m"": 199.99970559698966, ""R2_30m"": -0.09998216734926002, ""MAE_avg"": 17667.11328125, ""RMSE_avg"": 46910.960056717915, ""sMAPE_avg"": 199.99976123897636, ""R2_avg"": -0.15628172106027682}","{""MAE_15m"": 42869.99609375, ""RMSE_15m"": 83287.47708989629, ""sMAPE_15m"": 199.99954007436241, ""R2_15m"": -0.36042555065216053, ""MAE_30m"": 28958.466796875, ""RMSE_30m"": 67929.62004898895, ""sMAPE_30m"": 199.99960092435026, ""R2_30m"": -0.2220864970719425, ""MAE_avg"": 35914.2314453125, ""RMSE_avg"": 75608.54856944262, ""sMAPE_avg"": 199.99957049935634, ""R2_avg"": -0.2912560238620515}",42869.99609375,83287.47708989629,199.99954007436241,-0.36042555065216053,28958.466796875,67929.62004898895,199.99960092435026,-0.2220864970719425,35914.2314453125,75608.54856944262,199.99957049935634,-0.2912560238620515
efb83ace-045a-4068-9489-ddf58ddaa41b,RCNN,,"{""filters"": 96, ""kernel_size"": 5, ""rnn_units"": 64, ""rnn_type"": ""lstm"", ""dropout"": 0.0, ""lr"": 0.00025798509464504095}","{""MAE_15m"": 25171.873046875, ""RMSE_15m"": 60117.2592854997, ""sMAPE_15m"": 199.9998586926203, ""R2_15m"": -0.2125844293662631, ""MAE_30m"": 10162.51171875, ""RMSE_30m"": 33705.02253374117, ""sMAPE_30m"": 200.0, ""R2_30m"": -0.10000064576421952, ""MAE_avg"": 17667.1923828125, ""RMSE_avg"": 46911.14090962043, ""sMAPE_avg"": 199.99992934631015, ""R2_avg"": -0.1562925375652413}","{""MAE_15m"": 42869.984375, ""RMSE_15m"": 83287.45250036166, ""sMAPE_15m"": 199.99909480081345, ""R2_15m"": -0.3604247842280852, ""MAE_30m"": 28958.416015625, ""RMSE_30m"": 67929.77456167509, ""sMAPE_30m"": 200.0, ""R2_30m"": -0.22209206929590475, ""MAE_avg"": 35914.2001953125, ""RMSE_avg"": 75608.61353101837, ""sMAPE_avg"": 199.99954740040673, ""R2_avg"": -0.291258426761995}",42869.984375,83287.45250036166,199.99909480081345,-0.3604247842280852,28958.416015625,67929.77456167509,200.0,-0.22209206929590475,35914.2001953125,75608.61353101837,199.99954740040673,-0.291258426761995
f5a7cc72-ae15-4ccf-b5d2-1ad53fb2773a,XGBoost,,"{""n_estimators"": 400, ""max_depth"": 2, ""learning_rate"": 0.01288489767341566, ""subsample"": 0.7387914628763661, ""colsample_bytree"": 0.6888599827237569, ""min_child_weight"": 6, ""reg_lambda"": 8.638780185657737, ""gamma"": 4.988595429935725, ""random_state"": 42, ""tree_method"": ""hist"", ""n_jobs"": -1, ""objective"": ""reg:squarederror""}","{""MAE_15m"": 14422.140625, ""RMSE_15m"": 24508.166802109048, ""sMAPE_15m"": 75.01768730382629, ""R2_15m"": 0.8841869308770078, ""MAE_30m"": 24512.53125, ""RMSE_30m"": 34033.0907206501, ""sMAPE_30m"": 87.74451404354424, ""R2_30m"": 0.7952363396935824, ""MAE_avg"": 19467.3359375, ""RMSE_avg"": 29270.628761379572, ""sMAPE_avg"": 81.38110067368527, ""R2_avg"": 0.8397116352852951}","{""MAE_15m"": 12430.326171875, ""RMSE_15m"": 21197.2768062315, ""sMAPE_15m"": 184.97319586728452, ""R2_15m"": 0.7765800313344304, ""MAE_30m"": 29491.283203125, ""RMSE_30m"": 44239.25496660178, ""sMAPE_30m"": 187.5420296658938, ""R2_30m"": 0.2312988161059054, ""MAE_avg"": 20960.8046875, ""RMSE_avg"": 32718.26588641664, ""sMAPE_avg"": 186.25761276658915, ""R2_avg"": 0.503939423720168}",12430.326171875,21197.2768062315,184.97319586728452,0.7765800313344304,29491.283203125,44239.25496660178,187.5420296658938,0.2312988161059054,20960.8046875,32718.26588641664,186.25761276658915,0.503939423720168
f5a7cc72-ae15-4ccf-b5d2-1ad53fb2773a,LSTM,,"{""units"": 64, ""num_layers"": 2, ""dropout"": 0.0, ""lr"": 0.00018659959624904942}","{""MAE_15m"": 0.44625937938690186, ""RMSE_15m"": 0.5007079893611871, ""sMAPE_15m"": 200.0, ""R2_15m"": 0.0, ""MAE_30m"": 0.1779574453830719, ""RMSE_30m"": 0.1948704581015848, ""sMAPE_30m"": 200.0, ""R2_30m"": 0.0, ""MAE_avg"": 0.3121084123849869, ""RMSE_avg"": 0.34778922373138593, ""sMAPE_avg"": 200.0, ""R2_avg"": 0.0}","{""MAE_15m"": 45530.36328125, ""RMSE_15m"": 81095.80388651438, ""sMAPE_15m"": 200.0, ""R2_15m"": -0.4603088702060405, ""MAE_30m"": 58514.93359375, ""RMSE_30m"": 92734.94547364548, ""sMAPE_30m"": 200.0, ""R2_30m"": -0.6615420949395079, ""MAE_avg"": 52022.6484375, ""RMSE_avg"": 86915.37468007993, ""sMAPE_avg"": 200.0, ""R2_avg"": -0.5609254825727742}",45530.36328125,81095.80388651438,200.0,-0.4603088702060405,58514.93359375,92734.94547364548,200.0,-0.6615420949395079,52022.6484375,86915.37468007993,200.0,-0.5609254825727742
f5a7cc72-ae15-4ccf-b5d2-1ad53fb2773a,GRU_LSTM,,"{""gru_units"": 32, ""lstm_units"": 64, ""dropout"": 0.3, ""lr"": 0.00044684675025045853}","{""MAE_15m"": 0.5490447878837585, ""RMSE_15m"": 0.5816618495985811, ""sMAPE_15m"": 200.0, ""R2_15m"": 0.0, ""MAE_30m"": 0.15187425911426544, ""RMSE_30m"": 0.1587805453616872, ""sMAPE_30m"": 200.0, ""R2_30m"": 0.0, ""MAE_avg"": 0.350459523499012, ""RMSE_avg"": 0.37022119748013416, ""sMAPE_avg"": 200.0, ""R2_avg"": 0.0}","{""MAE_15m"": 45530.30078125, ""RMSE_15m"": 81095.75337833665, ""sMAPE_15m"": 200.0, ""R2_15m"": -0.46030718381632174, ""MAE_30m"": 58515.26171875, ""RMSE_30m"": 92735.10558574891, ""sMAPE_30m"": 200.0, ""R2_30m"": -0.6615477500242615, ""MAE_avg"": 52022.78125, ""RMSE_avg"": 86915.42948204279, ""sMAPE_avg"": 200.0, ""R2_avg"": -0.5609274669202916}",45530.30078125,81095.75337833665,200.0,-0.46030718381632174,58515.26171875,92735.10558574891,200.0,-0.6615477500242615,52022.78125,86915.42948204279,200.0,-0.5609274669202916
f5a7cc72-ae15-4ccf-b5d2-1ad53fb2773a,CNN1D,,"{""filters"": 32, ""kernel_size"": 7, ""dropout"": 0.3, ""lr"": 0.0004983319160125723}","{""MAE_15m"": 0.28808605670928955, ""RMSE_15m"": 0.29866164063948036, ""sMAPE_15m"": 200.0, ""R2_15m"": 0.0, ""MAE_30m"": 0.6629584431648254, ""RMSE_30m"": 0.7225286010176225, ""sMAPE_30m"": 200.0, ""R2_30m"": 0.0, ""MAE_avg"": 0.4755222499370575, ""RMSE_avg"": 0.5105951208285514, ""sMAPE_avg"": 200.0, ""R2_avg"": 0.0}","{""MAE_15m"": 45530.203125, ""RMSE_15m"": 81095.48505311502, ""sMAPE_15m"": 199.99964676190584, ""R2_15m"": -0.4602974823758963, ""MAE_30m"": 58515.046875, ""RMSE_30m"": 92734.45961453595, ""sMAPE_30m"": 199.99904255268376, ""R2_30m"": -0.6615246681985207, ""MAE_avg"": 52022.625, ""RMSE_avg"": 86914.97233382548, ""sMAPE_avg"": 199.99934465729478, ""R2_avg"": -0.5609110752872085}",45530.203125,81095.48505311502,199.99964676190584,-0.4602974823758963,58515.046875,92734.45961453595,199.99904255268376,-0.6615246681985207,52022.625,86914.97233382548,199.99934465729478,-0.5609110752872085
f5a7cc72-ae15-4ccf-b5d2-1ad53fb2773a,RCNN,,"{""filters"": 64, ""kernel_size"": 3, ""rnn_units"": 64, ""rnn_type"": ""lstm"", ""dropout"": 0.0, ""lr"": 0.00018559980846490597}","{""MAE_15m"": 0.21678361296653748, ""RMSE_15m"": 0.2511282733193126, ""sMAPE_15m"": 200.0, ""R2_15m"": 0.0, ""MAE_30m"": 0.159540057182312, ""RMSE_30m"": 0.16888124982286737, ""sMAPE_30m"": 200.0, ""R2_30m"": 0.0, ""MAE_avg"": 0.18816183507442474, ""RMSE_avg"": 0.21000476157109, ""sMAPE_avg"": 200.0, ""R2_avg"": 0.0}","{""MAE_15m"": 45530.125, ""RMSE_15m"": 81095.51030729136, ""sMAPE_15m"": 199.99971106658677, ""R2_15m"": -0.4602984013493512, ""MAE_30m"": 58514.92578125, ""RMSE_30m"": 92734.82400910674, ""sMAPE_30m"": 199.99976100759366, ""R2_30m"": -0.6615376269504303, ""MAE_avg"": 52022.525390625, ""RMSE_avg"": 86915.16715819905, ""sMAPE_avg"": 199.9997360370902, ""R2_avg"": -0.5609180141498907}",45530.125,81095.51030729136,199.99971106658677,-0.4602984013493512,58514.92578125,92734.82400910674,199.99976100759366,-0.6615376269504303,52022.525390625,86915.16715819905,199.9997360370902,-0.5609180141498907
fdcb9471-71c1-4d42-8e20-fb9ee7751669,XGBoost,,"{""n_estimators"": 200, ""max_depth"": 8, ""learning_rate"": 0.18043311207136256, ""subsample"": 0.9233589392465844, ""colsample_bytree"": 0.7218455076693483, ""min_child_weight"": 1, ""reg_lambda"": 1.8141523033666782, ""gamma"": 2.2007624686980067, ""random_state"": 42, ""tree_method"": ""hist"", ""n_jobs"": -1, ""objective"": ""reg:squarederror""}","{""MAE_15m"": 0.59912109375, ""RMSE_15m"": 0.7592468059323136, ""sMAPE_15m"": 0.007483049392209299, ""R2_15m"": 0.9999999774410556, ""MAE_30m"": 0.59881591796875, ""RMSE_30m"": 1.0303408921564177, ""sMAPE_30m"": 0.010066433489272877, ""R2_30m"": 0.9999999574899375, ""MAE_avg"": 0.598968505859375, ""RMSE_avg"": 0.8947938490443657, ""sMAPE_avg"": 0.008774741440741089, ""R2_avg"": 0.9999999674654966}","{""MAE_15m"": 3954.81298828125, ""RMSE_15m"": 5112.227303240731, ""sMAPE_15m"": 30.384919013006268, ""R2_15m"": 0.10710067640316201, ""MAE_30m"": 4262.9443359375, ""RMSE_30m"": 6221.749271708078, ""sMAPE_30m"": 33.772124316301586, ""R2_30m"": -0.005817204576461732, ""MAE_avg"": 4108.878662109375, ""RMSE_avg"": 5666.988287474404, ""sMAPE_avg"": 32.07852166465393, ""R2_avg"": 0.05064173591335014}",3954.81298828125,5112.227303240731,30.384919013006268,0.10710067640316201,4262.9443359375,6221.749271708078,33.772124316301586,-0.005817204576461732,4108.878662109375,5666.988287474404,32.07852166465393,0.05064173591335014
fdcb9471-71c1-4d42-8e20-fb9ee7751669,LSTM,,"{""units"": 96, ""num_layers"": 2, ""dropout"": 0.0, ""lr"": 0.002299958642814372}","{""MAE_15m"": 12268.4052734375, ""RMSE_15m"": 13953.103740745282, ""sMAPE_15m"": 199.39632916517553, ""R2_15m"": -3.4071856484097562, ""MAE_30m"": 11573.9326171875, ""RMSE_30m"": 13613.948141520152, ""sMAPE_30m"": 199.24555047660186, ""R2_30m"": -2.6069716215945546, ""MAE_avg"": 11921.1689453125, ""RMSE_avg"": 13783.525941132717, ""sMAPE_avg"": 199.3209398208887, ""R2_avg"": -3.0070786350021557}","{""MAE_15m"": 11258.8779296875, ""RMSE_15m"": 12048.086985077756, ""sMAPE_15m"": 199.43265690978515, ""R2_15m"": -6.89147952250449, ""MAE_30m"": 10043.2763671875, ""RMSE_30m"": 11059.94430365723, ""sMAPE_30m"": 199.17225263900215, ""R2_30m"": -4.7013547013767365, ""MAE_avg"": 10651.0771484375, ""RMSE_avg"": 11554.015644367493, ""sMAPE_avg"": 199.30245477439365, ""R2_avg"": -5.796417111940613}",11258.8779296875,12048.086985077756,199.43265690978515,-6.89147952250449,10043.2763671875,11059.94430365723,199.17225263900215,-4.7013547013767365,10651.0771484375,11554.015644367493,199.30245477439365,-5.796417111940613
fdcb9471-71c1-4d42-8e20-fb9ee7751669,GRU_LSTM,,"{""gru_units"": 96, ""lstm_units"": 96, ""dropout"": 0.2, ""lr"": 0.002869139536545374}","{""MAE_15m"": 12265.8466796875, ""RMSE_15m"": 13950.854884199749, ""sMAPE_15m"": 199.2869438359991, ""R2_15m"": -3.4057654578736907, ""MAE_30m"": 11575.24609375, ""RMSE_30m"": 13615.07341148038, ""sMAPE_30m"": 199.3067073898744, ""R2_30m"": -2.6075676505375243, ""MAE_avg"": 11920.54638671875, ""RMSE_avg"": 13782.964147840064, ""sMAPE_avg"": 199.29682561293674, ""R2_avg"": -3.0066665542056077}","{""MAE_15m"": 11256.31640625, ""RMSE_15m"": 12045.692342078142, ""sMAPE_15m"": 199.32956034314824, ""R2_15m"": -6.888342858994044, ""MAE_30m"": 10044.6064453125, ""RMSE_30m"": 11061.151115503304, ""sMAPE_30m"": 199.24105857603143, ""R2_30m"": -4.702599265668143, ""MAE_avg"": 10650.46142578125, ""RMSE_avg"": 11553.421728790723, ""sMAPE_avg"": 199.28530945958983, ""R2_avg"": -5.795471062331093}",11256.31640625,12045.692342078142,199.32956034314824,-6.888342858994044,10044.6064453125,11061.151115503304,199.24105857603143,-4.702599265668143,10650.46142578125,11553.421728790723,199.28530945958983,-5.795471062331093
fdcb9471-71c1-4d42-8e20-fb9ee7751669,CNN1D,,"{""filters"": 96, ""kernel_size"": 7, ""dropout"": 0.2, ""lr"": 0.002869139536545374}","{""MAE_15m"": 10940.17578125, ""RMSE_15m"": 12806.508970051127, ""sMAPE_15m"": 150.8418083725072, ""R2_15m"": -2.712626299103877, ""MAE_30m"": 10437.7490234375, ""RMSE_30m"": 12811.819542906464, ""sMAPE_30m"": 151.60811241053244, ""R2_30m"": -2.1944501069493523, ""MAE_avg"": 10688.96240234375, ""RMSE_avg"": 12809.164256478794, ""sMAPE_avg"": 151.2249603915198, ""R2_avg"": -2.4535382030266146}","{""MAE_15m"": 9489.375, ""RMSE_15m"": 10354.143132099343, ""sMAPE_15m"": 141.73124882784768, ""R2_15m"": -4.828416152338362, ""MAE_30m"": 8529.37890625, ""RMSE_30m"": 9665.729563773239, ""sMAPE_30m"": 139.67154701881864, ""R2_30m"": -3.3545313564161736, ""MAE_avg"": 9009.376953125, ""RMSE_avg"": 10009.936347936291, ""sMAPE_avg"": 140.70139792333316, ""R2_avg"": -4.091473754377268}",9489.375,10354.143132099343,141.73124882784768,-4.828416152338362,8529.37890625,9665.729563773239,139.67154701881864,-3.3545313564161736,9009.376953125,10009.936347936291,140.70139792333316,-4.091473754377268
fdcb9471-71c1-4d42-8e20-fb9ee7751669,RCNN,,"{""filters"": 64, ""kernel_size"": 7, ""rnn_units"": 64, ""rnn_type"": ""lstm"", ""dropout"": 0.3, ""lr"": 0.002470540427082325}","{""MAE_15m"": 12270.4931640625, ""RMSE_15m"": 13954.94235029296, ""sMAPE_15m"": 199.4858193994496, ""R2_15m"": -3.4083471181089235, ""MAE_30m"": 11582.599609375, ""RMSE_30m"": 13621.319172532447, ""sMAPE_30m"": 199.6512413161816, ""R2_30m"": -2.610878140447728, ""MAE_avg"": 11926.54638671875, ""RMSE_avg"": 13788.130761412704, ""sMAPE_avg"": 199.5685303578156, ""R2_avg"": -3.009612629278326}","{""MAE_15m"": 11260.9599609375, ""RMSE_15m"": 12050.032365101764, ""sMAPE_15m"": 199.51654742496038, ""R2_15m"": -6.8940279709978025, ""MAE_30m"": 10051.9384765625, ""RMSE_30m"": 11067.810262197307, ""sMAPE_30m"": 199.61706810170358, ""R2_30m"": -4.709467631174727, ""MAE_avg"": 10656.44921875, ""RMSE_avg"": 11558.921313649535, ""sMAPE_avg"": 199.56680776333198, ""R2_avg"": -5.801747801086265}",11260.9599609375,12050.032365101764,199.51654742496038,-6.8940279709978025,10051.9384765625,11067.810262197307,199.61706810170358,-4.709467631174727,10656.44921875,11558.921313649535,199.56680776333198,-5.801747801086265
